Input Data,Action,Model Task,Model,Framework/Library,Github stars,Normalized Github stars,Citations,Normalized Citations,Open Source/Proprietary,License,Model Size(MB),Model Size Normalized(MB),Memory Requirement(training),Memory Requirement Numeric,Memory Requirement Normalized,Hardware Accelerators,Hardware Accelerators Normalized,Minimum Hardware Accelerators,Detailed Documentation,Institution,Institution Encoded,URL,Paper link,Detailed Documentation Encoded,Overall_Score,Performance_Score,Popularity_Score,Licensing_Score,Hardware_Score,Documentation_Score,Institution_Score
Text," Identify and classify named entities such as people, organizations, locations, and more",Named Entity Recognition,Bidirectional-LSTM,Tensorflow,0.35,0.0047425474254742,1678.0,0.0166998407643312,Open source,GPL-3.0 license,1.147,0.0010965583173996,4-8 GB,6.0,0.0666666666666666,GPU,0.67,1.0,Yes,Kamal Kraj,0.0,https://github.com/kamalkraj/Named-Entity-Recognition-with-Bidirectional-LSTM-CNNs,https://direct.mit.edu/tacl/article-abstract/doi/10.1162/tacl_a_00104/43361,1,0.4669906092045935,0.9661183875079667,0.009525464761017,0.5,0.335,0.5,0.0
Text," Identify and classify named entities such as people, organizations, locations, and more",Named Entity Recognition,BERT,Tensorflow,36.4,0.4932249322493225,41077.0,0.4088077229299363,Open source,Apache-2.0 license,0.317,0.0003030592734225,16-32 GB,24.0,0.4666666666666667,GPU/TPU,1.0,1.0,Yes,Google,1.0,https://github.com/google-research/bert.git,https://arxiv.org/abs/1810.04805,1,0.6218461508133002,0.7665151370299554,0.459458048521568,0.5,0.5,0.5,1.0
Text," Identify and classify named entities such as people, organizations, locations, and more",Named Entity Recognition,Flair,PyTorch,13.4,0.1815718157181572,10182.0,0.1013335987261146,Open source,MIT license,7.811,0.0074674952198852,8-16 GB,12.0,0.2,GPU,0.67,1.0,Yes,Flair,1.0,https://github.com/flairNLP/flair.git,https://www.sciencedirect.com/science/article/pii/S0165178121004315?casa_token=MYCbWhrKM8AAAAAA:ZTFZqUZTOFadjpPgZf0pAq51gcBiMBANaEcx4jL7v7TvsP2XGlaImGmyYmyhy_16u15IAM1RJmk,1,0.5740251815012852,0.8962662523900574,0.1494765289213401,0.5,0.335,0.5,1.0
Text," Identify and classify named entities such as people, organizations, locations, and more",Named Entity Recognition,Sequence_tagging,Tensorflow,1.9,0.0257452574525745,2509.0,0.0249701433121019,Open source,Apache-2.0 license,0.056,5.353728489483748e-05,4-8 GB,6.0,0.0666666666666666,GPU,0.67,1.0,No,Guillaume Genthial ,0.0,https://github.com/guillaumegenthial/sequence_tagging.git,1603.01354v5.pdf (arxiv.org),0,0.4703290117665428,0.9666398980242192,0.0254352117963854,0.5,0.335,0.5,0.0
Text," Identify and classify named entities such as people, organizations, locations, and more",Named Entity Recognition,gluon_nlp,mxnet,2.6,0.035230352303523,10232.0,0.1018312101910828,Open source,Apache-2.0 license,11.376,0.0108757170172084,8-16 GB,12.0,0.2,GPU,0.67,1.0,Yes,Gluon,1.0,https://github.com/dmlc/gluon-nlp.git,https://www.sciencedirect.com/science/article/pii/S0165178121004315?casa_token=vsCuYugpM8sAAAAA:JPy2HqdqN7lullppd2NTHmqQGgfCyWOzQSMYEQMaKZfTlWUtTZQSnhNsfkLBBJFqR-cMDLJH6hQ,1,0.5559927815391281,0.8945621414913958,0.0618706954585469,0.5,0.335,0.5,1.0
Text," Identify and classify named entities such as people, organizations, locations, and more",Named Entity Recognition,tf_ner,Tensorflow,0.93,0.0126016260162601,2524.0,0.0251194267515923,Open source,Apache-2.0 license,0.147,0.0001405353728489,4-8 GB,6.0,0.0666666666666666,GPU,0.67,1.0,No,Guillaume Genthial,0.0,https://github.com/guillaumegenthial/tf_ner.git,https://arxiv.org/abs/1603.01354,0,0.4687506689561512,0.9665963989802422,0.0176087463103929,0.5,0.335,0.5,0.0
Text," Identify and classify named entities such as people, organizations, locations, and more",Named Entity Recognition,ERNIE,Paddle,6.1,0.0826558265582655,475.0,0.0047273089171974,Open source,MIT license,127.429,0.1218250478011472,16-32 GB,24.0,0.4666666666666667,GPU,0.67,1.0,Yes,n.a,0.0,https://github.com/PaddlePaddle/ERNIE.git,https://arxiv.org/abs/1904.09223,1,0.3972731267301955,0.705754142766093,0.0514844195018382,0.5,0.335,0.5,0.0
Text,,Feature Extraction,nvidia/NV-Embed-v2,,,,0.0,,,Unknown,,,,,,,,,,,,https://huggingface.co/nvidia/NV-Embed-v2,Unknown,0,,,,0.5,,0.5,
Text,,Feature Extraction,intfloat/multilingual-e5-large,,,,0.0,,,Unknown,,,,,,,,,,,,https://huggingface.co/intfloat/multilingual-e5-large,Unknown,0,,,,0.5,,0.5,
Text,,Feature Extraction,canine-s,,,,0.0,,,Unknown,,,,,,,,,,google,,https://huggingface.co/google/canine-s,Unknown,0,,,,0.5,,0.5,
Text,"assign a part-of-speech tag (e.g., noun, verb, adjective) to each word in the text.",Part-of-Speech(POS) tagging,Transformer XL,Tensorflow,3.2,0.043360433604336,1969.0,0.0195959394904458,Open source,Apache-2.0 license,0.115,0.0001099426386233,32-64 GB,48.0,1.0,GPU/TPU,1.0,2.0,Yes,Kimi Young,0.0,https://github.com/kimiyoung/transformer-xl.git,https://arxiv.org/abs/1901.02860,1,0.2817544357959625,0.4999450286806883,0.0338546359587799,0.5,0.0,0.5,0.0
Text,"assign a part-of-speech tag (e.g., noun, verb, adjective) to each word in the text.",Part-of-Speech(POS) tagging,Sequence_tagging,Tensorflow,1.9,0.0257452574525745,2509.0,0.0249701433121019,Open source,Apache-2.0 license,0.056,5.353728489483748e-05,4-8 GB,6.0,0.0666666666666666,GPU,0.67,1.0,No,Guillaume Genthial ,0.0,guillaumegenthial/sequence_tagging: Named Entity Recognition (LSTM + CRF) - Tensorflow (github.com),End-to-end Sequence Labeling via Bi-directional LSTM-CNNs-CRF (aclanthology.org),0,0.4703290117665428,0.9666398980242192,0.0254352117963854,0.5,0.335,0.5,0.0
Text,"assign a part-of-speech tag (e.g., noun, verb, adjective) to each word in the text.",Part-of-Speech(POS) tagging,zh-ner-tf,Tensorflow,2.1,0.0284552845528455,3156.0,0.0314092356687898,Open source,Apache-2.0 license,112.39,0.1074474187380497,4-8 GB,6.0,0.0666666666666666,GPU,0.67,1.0,No,Penghui Wei,0.0,Determined22/zh-NER-TF: A very simple BiLSTM-CRF model for Chinese Named Entity Recognition ‰∏≠ÊñáÂëΩÂêçÂÆû‰ΩìËØÜÂà´ (TensorFlow) (github.com),1508.01991v1.pdf (arxiv.org),0,0.4550602601891372,0.912942957297642,0.0296368649992232,0.5,0.335,0.5,0.0
Text,"assign a part-of-speech tag (e.g., noun, verb, adjective) to each word in the text.",Part-of-Speech(POS) tagging,NCRF,PyTorch,1.8,0.024390243902439,164.0,0.0016321656050955,Open source,Apache-2.0 license,7.125,0.0068116634799235,4-8 GB,6.0,0.0666666666666666,GPU,0.67,1.0,No,Jie Yang,0.0,"jiesutd/NCRFpp: NCRF++, a Neural Sequence Labeling Toolkit. Easy use to any sequence labeling tasks (e.g. NER, POS, Segmentation). It includes character LSTM/CNN, word LSTM/CNN and softmax/CRF components. (github.com)",[1806.05626] NCRF++: An Open-source Neural Sequence Labeling Toolkit (arxiv.org),0,0.4672856529947118,0.9632608349267048,0.0152870125835016,0.5,0.335,0.5,0.0
Text,"assign a part-of-speech tag (e.g., noun, verb, adjective) to each word in the text.",Part-of-Speech(POS) tagging,targer,PyTorch,0.2,0.002710027100271,2509.0,0.0249701433121019,Open source,Apache-2.0 license,120.053,0.1147734225621414,4-8 GB,6.0,0.0666666666666666,GPU,0.67,1.0,No,Artem Chernodub,0.0,https://github.com/achernodub/targer.git,End-to-end Sequence Labeling via Bi-directional LSTM-CNNs-CRF (aclanthology.org),0,0.4503568013326794,0.909279955385596,0.0116140735850033,0.5,0.335,0.5,0.0
Text,"assign a part-of-speech tag (e.g., noun, verb, adjective) to each word in the text.",Part-of-Speech(POS) tagging,tf_ner,Tensorflow,0.9,0.0121951219512195,2542.0,0.0252985668789808,Open source,Apache-2.0,0.147,0.0001405353728489,4-8 GB,6.0,0.0666666666666666,GPU,0.67,1.0,Yes,Guillaume Genthial ,0.0,https://github.com/guillaumegenthial/tf_ner.git,https://arxiv.org/abs/1603.01354,1,0.4687162196785374,0.9665963989802422,0.017436499922324,0.5,0.335,0.5,0.0
Text,"assign a part-of-speech tag (e.g., noun, verb, adjective) to each word in the text.",Part-of-Speech(POS) tagging,rnnmorph,?,0.1,0.0013550135501355,434.0,0.0043192675159235,Open source,Apache-2.0,10.806,0.0103307839388145,2-4 GB,3.0,0.0,CPU,0.33,2.0,No,Ilya Gusev,0.0,https://github.com/IlyaGusev/rnnmorph.git,https://arxiv.org/abs/1604.05529,0,0.3737085254364679,0.9948346080305928,0.0025407151364507,0.5,-0.3349999999999999,0.5,0.0
Text,provide answers to questions based on the input data.,Question Answering,BERT_Tensorflow,Tensorflow,0.3,0.0040650406504065,1926.0,0.0191679936305732,Open source,Apache-2.0 license,93.306,0.0892026768642447,16-32 GB,24.0,0.4666666666666667,GPU/TPU,1.0,1.0,Yes,Google,1.0,https://github.com/huggingface/tflite-android-transformers.git,https://arxiv.org/abs/1910.01108,1,0.5186408428388579,0.7220653282345444,0.0101062218424731,0.5,0.5,0.5,1.0
Text,provide answers to questions based on the input data.,Question Answering,RoBERTa,PyTorch,17.2,0.2330623306233062,3595.0,0.0357782643312101,Open source,MIT license,22.259,0.0212801147227533,16-32 GB,24.0,0.4666666666666667,GPU,0.67,1.0,Yes,Facebook,1.0,https://github.com/facebookresearch/fairseq.git,https://arxiv.org/abs/1907.11692,1,0.5328877236128806,0.7560266093052901,0.1541487041064677,0.5,0.335,0.5,1.0
Text,provide answers to questions based on the input data.,Question Answering,roberta-base-squad-2,Haystack,4.9,0.0663956639566395,3595.0,0.0357782643312101,Open source,Apache-2.0 license,16.914,0.01617017208413,16-32 GB,24.0,0.4666666666666667,GPU,0.67,1.0,No,deepset ai,1.0,https://github.com/deepset-ai/haystack,https://arxiv.org/abs/1907.11692,0,0.513654215008674,0.7585815806246017,0.0541487041064677,0.5,0.335,0.5,1.0
Text,provide answers to questions based on the input data.,Question Answering,BERT_DeepPavlov,DeepPavlov,5.8,0.078590785907859,43268.0,0.4306130573248408,Open source,Apache-2.0 license,40.068,0.0383059273422562,16-32 GB,24.0,0.4666666666666667,GPU,0.67,1.0,Yes,DeepPavlov lab,1.0,deepmipt/DeepPavlov: An open source library for deep learning end-to-end dialog systems and chatbots. (github.com),Unknown,1,0.5433840497935919,0.7475137029955385,0.2193996944746517,0.5,0.335,0.5,1.0
Text,provide answers to questions based on the input data.,Question Answering,Transformers,Paddle,4.6,0.062330623306233,46166.0,0.4594546178343949,Open source,Apache-2.0 license,74.249,0.0709837476099426,16-32 GB,24.0,0.4666666666666667,GPU,0.67,1.0,Yes,Paddle,1.0,"PaddlePaddle/PaddleNLP: Easy-to-use and powerful NLP library with Awesome model zoo, supporting wide-range of NLP tasks from research to industrial applications, including Neural Search, Question Answering, Information Extraction and Sentiment Analysis end-to-end system. (github.com)",Unknown,1,0.5388384820820081,0.7311747928616954,0.2211802211174977,0.5,0.335,0.5,1.0
Text,provide answers to questions based on the input data.,Question Answering,ParlAI,PyTorch,8.9,0.1205962059620596,268.0,0.0026671974522292,Open source,MIT license,96.427,0.0921864244741873,8-16 GB,12.0,0.2,GPU,0.67,1.0,Yes,Facebook,1.0,https://github.com/facebookresearch/ParlAI.git,https://arxiv.org/abs/1705.06476,1,0.5461069568404974,0.8539067877629063,0.0734246025581274,0.5,0.335,0.5,1.0
Text,provide answers to questions based on the input data.,Question Answering,haystack,PyTorch,5.0,0.067750677506775,676.0,0.0067277070063694,Open source,Apache-2.0 license,18.494,0.01768068833652,16-32 GB,24.0,0.4666666666666667,GPU,0.67,1.0,Yes,deepset ai,1.0,https://github.com/deepset-ai/haystack.git,https://arxiv.org/abs/2004.04906,1,0.5112661946108445,0.7578263224984066,0.0433414893066127,0.5,0.335,0.5,1.0
Text,provide answers to questions based on the input data.,Question Answering,distilbert/distilbert-base-cased-distilled-squad,,,,0.0,,,Unknown,,,,,,,,,,,,https://huggingface.co/distilbert/distilbert-base-cased-distilled-squad,Unknown,0,,,,0.5,,0.5,
Text,provide answers to questions based on the input data.,Question Answering,deepset/bert-large-uncased-whole-word-masking-squad2,,,,0.0,,,Unknown,,,,,,,,,,,,https://huggingface.co/deepset/bert-large-uncased-whole-word-masking-squad2,Unknown,0,,,,0.5,,0.5,
Text, Generate a concise summary of the input text.,Text summarization,Seq2seq with Attention,Tensorflow,0.7,0.0094850948509485,150.0,0.0014928343949044,Open source,MIT license,4.374,0.0041816443594646,8-16 GB,12.0,0.2,GPU,0.67,1.0,Yes,Google,1.0,https://github.com/yaserkl/RLSeq2Seq.git,https://ieeexplore.ieee.org/abstract/document/8801910/,1,0.5458803914797865,0.8979091778202677,0.0062881906685308,0.5,0.335,0.5,1.0
Text, Generate a concise summary of the input text.,Text summarization,Fairseq,PyTorch,17.2,0.2330623306233062,1555.0,0.0154757165605095,Open source,MIT license,22.243,0.0212648183556405,16-32 GB,24.0,0.4666666666666667,GPU,0.67,1.0,Yes,Facebook,1.0,https://github.com/facebookresearch/fairseq.git,https://arxiv.org/abs/1904.01038,1,0.5312658142462914,0.7560342574888463,0.1460276849981875,0.5,0.335,0.5,1.0
Text, Generate a concise summary of the input text.,Text summarization,Pegasus,Tensorflow,1.3,0.0176151761517615,610.0,0.0060708598726114,Open source,Apache 2.0 license,0.357,0.0003413001912045,32-64 GB,48.0,1.0,GPU/TPU,1.0,2.0,Yes,Google,1.0,Google AI Blog: PEGASUS: A State-of-the-Art Model for Abstractive Text Summarization (googleblog.com),google-research/pegasus (github.com),1,0.3775482948993396,0.4998293499043977,0.0129974496401014,0.5,0.0,0.5,1.0
Text, Generate a concise summary of the input text.,Text summarization,BigBird,Tensorflow,0.4,0.005420054200542,528.0,0.0052547770700636,Open source,Apache 2.0 license,1.478,0.0014130019120458,32-64 GB,48.0,1.0,GPU/TPU,1.0,2.0,Yes,Google,1.0,google-research/bigbird: Transformers for Longer Sequences (github.com),[2007.14062] Big Bird: Transformers for Longer Sequences (arxiv.org),1,0.3758588383828632,0.4992934990439771,0.0053539433483506,0.5,0.0,0.5,1.0
Text, Generate a concise summary of the input text.,Text summarization,Pointer-Generator network,Tensorflow,2.1,0.0284552845528455,2258.0,0.0224721337579617,Open source,Apache 2.0 license,0.074,7.074569789674952e-05,8-16 GB,12.0,0.2,GPU,0.67,1.0,No,Abi See,0.0,"abisee/pointer-generator: Code for the ACL 2017 paper ""Get To The Point: Summarization with Pointer-Generator Networks"" (github.com)",[1704.04368] Get To The Point: Summarization with Pointer-Generator Networks (arxiv.org),0,0.4504517929922939,0.8999646271510516,0.0260620242348919,0.5,0.335,0.5,0.0
Text, Generate a concise summary of the input text.,Text summarization,tensor2tensor,Tensorflow,12.4,0.1680216802168021,46369.0,0.4614749203821656,Open source,Apache 2.0 license,16.881,0.0161386233269598,16-32 GB,24.0,0.4666666666666667,GPU/TPU,1.0,1.0,No,n.a,0.0,n.a,https://proceedings.neurips.cc/paper/7181-attention-is-all-you-need,0,0.4846598017575456,0.7585973550031868,0.2854029762829475,0.5,0.5,0.5,0.0
Text, Generate a concise summary of the input text.,Text summarization,PaddleNLP,Paddle,4.8,0.065040650406504,2286.0,0.0227507961783439,Open source,Apache-2.0 license,74.543,0.0712648183556405,16-32 GB,24.0,0.4666666666666667,GPU,0.67,1.0,Yes,n.a,0.0,https://github.com/PaddlePaddle/PaddleNLP.git,https://proceedings.neurips.cc/paper/7181-attention-is-all-you-need,1,0.4041852189897019,0.7310342574888464,0.0481247087152399,0.5,0.335,0.5,0.0
Text, Generate a concise summary of the input text.,Text summarization,Bert2Bert Small ,Pytorch,6.0,0.08130081300813,100480.0,1.0,Open source,Apache 2.0 license,247,0.2361376673040153,16-32 GB,24.0,0.4666666666666667,GPU,0.67,,No,,,https://huggingface.co/mrm8488/bert-small2bert-small-finetuned-cnn_daily_mail-summarization/tree/main,Unknown,0,,0.648597833014659,0.448780487804878,0.5,,0.5,
Text, Generate a concise summary of the input text.,Text summarization,facebook/bart-large-cnn,,,,0.0,,,Unknown,,,,,,,,,,,,https://huggingface.co/facebook/bart-large-cnn,Unknown,0,,,,0.5,,0.5,
Text, Generate a concise summary of the input text.,Text summarization,google/pegasus-cnn_dailymail,,,,0.0,,,Unknown,,,,,,,,,,,,https://huggingface.co/google/pegasus-cnn_dailymail,Unknown,0,,,,0.5,,0.5,
Text, Generate a concise summary of the input text.,Text summarization,google/pegasus-xsum,,,,0.0,,,Unknown,,,,,,,,,,,,https://huggingface.co/google/pegasus-xsum,Unknown,0,,,,0.5,,0.5,
Text,"determine the sentiment (positive, negative, or neutral) expressed in the text.",Sentiment Analysis,BERT,Tensorflow,73.8,1.0,40855.0,0.4065983280254777,Open source,Apache-2.0 license,594.238,0.5681051625239006,16-32 GB,24.0,0.4666666666666667,GPU/TPU,1.0,1.0,Yes,Google,1.0,https://github.com/tensorflow/models.git,https://arxiv.org/abs/1810.04805,1,0.5973120918634531,0.4826140854047163,0.7626393312101911,0.5,0.5,0.5,1.0
Text,"determine the sentiment (positive, negative, or neutral) expressed in the text.",Sentiment Analysis,TextCNN,Gluon,2.6,0.035230352303523,1098.0,0.0109275477707006,Open source,Apache-2.0 license,135,0.1290630975143403,4-8 GB,6.0,0.0666666666666666,GPU,0.67,1.0,Yes,n.a,0.0,Unknown,Unknown,1,0.4509923814709277,0.9021351179094964,0.025509230490394,0.5,0.335,0.5,0.0
Text,"determine the sentiment (positive, negative, or neutral) expressed in the text.",Sentiment Analysis,Universal Language Model Fine-tuning for Text Classification,PyTorch,22.4,0.3035230352303523,2676.0,0.0266321656050955,Open source,Apache-2.0 license,784.379,0.7498843212237094,8-16 GB,12.0,0.2,GPU,0.67,1.0,Yes,Fast ai,1.0,https://github.com/fastai/fastai.git,https://arxiv.org/abs/1801.06146,1,0.4713206892924935,0.5250578393881453,0.1927666873802495,0.5,0.335,0.5,1.0
Text,"determine the sentiment (positive, negative, or neutral) expressed in the text.",Sentiment Analysis,Convolutional Neural Networks for Sentence Classification,Paddle,4.4,0.059620596205962,49.0,0.0004876592356687,Open source,Apache-2.0 license,72.294,0.069114722753346,4-8 GB,6.0,0.0666666666666666,GPU,0.67,1.0,Yes,Paddle,1.0,https://github.com/PaddlePaddle/PaddleNLP.git,https://uwspace.uwaterloo.ca/handle/10012/9592,1,0.5620762758705671,0.9321093052899936,0.0359674214178446,0.5,0.335,0.5,1.0
Text,"determine the sentiment (positive, negative, or neutral) expressed in the text.",Sentiment Analysis,pyText,PyTorch,6.3,0.0853658536585365,14249.0,0.1418093152866242,,BSD,8.162,0.0078030592734225,8-16 GB,12.0,0.2,GPU,0.67,1.0,,Facebook,1.0,facebookresearch/pytext: A natural language modeling framework based on PyTorch (github.com),https://arxiv.org/abs/1408.5882,0,0.5656681887709409,0.8960984703632888,0.1079432383097715,0.5,0.335,0.5,1.0
Text,"determine the sentiment (positive, negative, or neutral) expressed in the text.",Sentiment Analysis,mt-dnn,PyTorch,2.0,0.02710027100271,156.0,0.0015525477707006,Open source,MIT,2.053,0.0019627151051625,16-32 GB,24.0,0.4666666666666667,GPU,0.67,1.0,Yes,Namisan,0.0,https://arxiv.org/abs/1911.03437,https://arxiv.org/abs/1911.03437,1,0.4083318290762068,0.7656853091140854,0.0168811817099062,0.5,0.335,0.5,0.0
Text,"determine the sentiment (positive, negative, or neutral) expressed in the text.",Sentiment Analysis,DeBERTa,PyTorch,1.0,0.013550135501355,414.0,0.0041202229299363,Open source,MIT,0.333,0.0003183556405353,16-32 GB,24.0,0.4666666666666667,GPU,0.67,1.0,Yes,Microsoft,1.0,https://github.com/microsoft/DeBERTa.git,https://arxiv.org/abs/2006.03654,1,0.5071578807484772,0.766507488846399,0.0097781704727875,0.5,0.335,0.5,1.0
Text,assign a category or class to the input document based on its content.,Document Classification,Graph Attention Networks_Tensorflow,Tensorflow,0.2,0.002710027100271,68.0,0.0006767515923566,Open source,Apache-2.0,5.319,0.005085086042065,8-16 GB,12.0,0.2,GPU,0.67,1.0,Yes,Petar Veliƒçkoviƒá,0.0,PetarV-/GAT: Graph Attention Networks (https://arxiv.org/abs/1710.10903) (github.com),https://dl.acm.org/doi/abs/10.1145/3308558.3313461,1,0.4448665804731113,0.8974574569789675,0.0018967168971052,0.5,0.335,0.5,0.0
Text,assign a category or class to the input document based on its content.,Document Classification,Hierarchical Attention Networks for Document Classification,PyTorch,0.6,0.008130081300813,4233.0,0.0421277866242038,Open source,Apache-2.1,0.239,0.0002284894837476,8-16 GB,12.0,0.2,GPU,0.67,1.0,No,EDGE,1.0,https://github.com/EdGENetworks/attention-networks-for-classification.git,Unknown,0,0.5495615592634717,0.8998857552581262,0.0217291634301693,0.5,0.335,0.5,1.0
Text,assign a category or class to the input document based on its content.,Document Classification,Graph Attention Networks_PyTorch,PyTorch,1.7,0.0230352303523035,3710.0,0.0369227707006369,Open source,Apache-2.0,18.378,0.0175697896749522,8-16 GB,12.0,0.2,GPU,0.67,1.0,Yes,Diego Antognini,0.0,"gordicaleksa/pytorch-GAT: My implementation of the original GAT paper (Veliƒçkoviƒá et al.). I've additionally included the playground.py file for visualizing the Cora dataset, GAT embeddings, an attention mechanism, and entropy histograms. I've supported both Cora (transductive) and PPI (inductive) examples! (github.com)",https://arxiv.org/abs/1710.10903,1,0.4483325808470845,0.8912151051625239,0.0285902464916368,0.5,0.335,0.5,0.0
Text,assign a category or class to the input document based on its content.,Document Classification,Graph Convolutional Networks,Tensorflow ,6.4,0.0867208672086721,1230.0,0.0122412420382165,Open source,MIT,5.208,0.0049789674952198,8-16 GB,12.0,0.2,GPU,0.67,1.0,No,Thomas Kipf,0.0,https://github.com/tkipf/gcn,https://arxiv.org/abs/1603.08861,0,0.455888958303815,0.8975105162523902,0.0569290171404898,0.5,0.335,0.5,0.0
Text,assign a category or class to the input document based on its content.,Document Classification,Specter,PyTorch,0.3,0.0040650406504065,117.0,0.0011644108280254,Open source,Apache-2.0,0.295,0.0002820267686424,16-32 GB,24.0,0.4666666666666667,GPU,0.67,1.0,No,Allen AI,1.0,allenai/specter: SPECTER: Document-level Representation Learning using Citation-informed Transformers (github.com),https://arxiv.org/abs/2004.07180,0,0.5057886537289944,0.7665256532823455,0.002904788721454,0.5,0.335,0.5,1.0
Text,assign a category or class to the input document based on its content.,Document Classification,DocBert,PyTorch,0.5,0.0067750677506775,235.0,0.0023387738853503,Open source,Apache-2.0,24.471,0.0233948374760994,16-32 GB,24.0,0.4666666666666667,GPU,0.67,1.0,No,Castorini,1.0,castorini/hedwig: PyTorch deep learning models for document classification (github.com),https://arxiv.org/abs/1904.08398,0,0.5027408844194944,0.754969247928617,0.0050005502045466,0.5,0.335,0.5,1.0
Text,assign a category or class to the input document based on its content.,Document Classification,GloVe,?,6.0,0.08130081300813,28966.0,0.2882762738853503,Open source,Apache-2.0,0.223,0.0002131931166347,2-4 GB,3.0,0.0,CPU,0.33,8.0,Yes,Stanford,1.0,https://github.com/stanfordnlp/GloVe.git,https://aclanthology.org/D14-1162.pdf,1,0.0575362205043085,0.9998934034416826,0.1640909973590181,0.5,-3.335,0.5,1.0
Text,"generate new text based on the input, such as creative writing, article generation, or dialogue.",Text Generation,SeqGAN,Tensorflow,2.0,0.02710027100271,1937.0,0.0192774681528662,Open source,MIT license,4.215,0.004029636711281,8-16 GB,12.0,0.2,GPU,0.67,1.0,Yes,Lantao Yu,0.0,https://github.com/LantaoYu/SeqGAN.git,https://ojs.aaai.org/index.php/AAAI/article/view/10804,1,0.4494397844658624,0.8979851816443596,0.0239711498627724,0.5,0.335,0.5,0.0
Text,"generate new text based on the input, such as creative writing, article generation, or dialogue.",Text Generation,BART,PyTorch,64.5,0.8739837398373984,2554.0,0.0254179936305732,Open source,Apache-2.0 license,92.707,0.0886300191204588,16-32 GB,24.0,0.4666666666666667,GPU,0.67,1.0,Yes,Huggingface,1.0,https://github.com/huggingface/transformers.git,https://arxiv.org/abs/1910.13461,1,0.5988669854028649,0.7223516571064372,0.5345574413546683,0.5,0.335,0.5,1.0
Text,"generate new text based on the input, such as creative writing, article generation, or dialogue.",Text Generation,Char-rnn-tensorflow,Tensorflow,2.6,0.035230352303523,3936.0,0.0391719745222929,Open source,MIT license,0.508,0.0004856596558317,4-8 GB,6.0,0.0666666666666666,GPU,0.67,1.0,No,Sherjil Ozair,0.0,"sherjilozair/char-rnn-tensorflow: Multi-layer Recurrent Neural Networks (LSTM, RNN) for character-level language models in Python using Tensorflow (github.com)",https://arxiv.org/abs/1308.0850,0,0.4725385512898314,0.9664238368387508,0.0368070011910309,0.5,0.335,0.5,0.0
Text,"generate new text based on the input, such as creative writing, article generation, or dialogue.",Text Generation,Transformers,PyTorch,65.3,0.8848238482384824,46166.0,0.4594546178343949,Open source,Apache-2.0 license,94.573,0.0904139579349904,16-32 GB,24.0,0.4666666666666667,GPU,0.67,1.0,Yes,HuggingFace,1.0,"huggingface/transformers: ü§ó Transformers: State-of-the-art Machine Learning for Pytorch, TensorFlow, and JAX. (github.com)",https://arxiv.org/pdf/1910.03771v5.pdf,1,0.6346231375251209,0.7214596876991715,0.7146761560768474,0.5,0.335,0.5,1.0
Text,"generate new text based on the input, such as creative writing, article generation, or dialogue.",Text Generation,Unified Language Model Pre-Training,PyTorch,5.8,0.078590785907859,789.0,0.0078523089171974,Open source,MIT license,11.637,0.0111252390057361,16-32 GB,24.0,0.4666666666666667,GPU,0.67,1.0,No,Microsoft,1.0,"microsoft/unilm: Large-scale Self-supervised Pre-training Across Tasks, Languages, and Modalities (github.com)",https://proceedings.neurips.cc/paper/2019/hash/c20bb2d9a50d5ac1f713f8b34d9aac5a-Abstract.html,0,0.5136402931714584,0.7611040471637986,0.0502953951115943,0.5,0.335,0.5,1.0
Text,"generate new text based on the input, such as creative writing, article generation, or dialogue.",Text Generation,neuraltalk2,PyTorch,5.3,0.0718157181571815,0.0,0.0,Open source,BSD licensed,0.37,0.0003537284894837,8-16 GB,12.0,0.2,GPU,0.67,1.0,Yes,Karpathy,0.0,https://github.com/karpathy/neuraltalk2.git,Unknown,1,0.4538148269054392,0.8998231357552582,0.0430894308943089,0.5,0.335,0.5,0.0
Text,"generate new text based on the input, such as creative writing, article generation, or dialogue.",Text Generation,fairseq,PyTorch,18.1,0.2452574525745257,1555.0,0.0154757165605095,Open source,MIT license,22.959,0.0219493307839388,16-32 GB,24.0,0.4666666666666667,GPU,0.67,1.0,Yes,Facebook,1.0,https://github.com/facebookresearch/fairseq.git,https://arxiv.org/abs/1610.02424,1,0.532626552016193,0.7556920012746973,0.1533447581689192,0.5,0.335,0.5,1.0
Text,"generate new text based on the input, such as creative writing, article generation, or dialogue.",Text Generation,deepseek-ai/DeepSeek-V3-0324,,,,0.0,,,Unknown,,,,,,,,,,,,https://huggingface.co/deepseek-ai/DeepSeek-V3-0324,Unknown,0,,,,0.5,,0.5,
Text,"generate new text based on the input, such as creative writing, article generation, or dialogue.",Text Generation,meta-llama/Meta-Llama-3-8B,,,,0.0,,,Unknown,,,,,,,,,,,,https://huggingface.co/meta-llama/Meta-Llama-3-8B,Unknown,0,,,,0.5,,0.5,
Text,"generate new text based on the input, such as creative writing, article generation, or dialogue.",Text Generation,deepseek-ai/DeepSeek-R1,,,,0.0,,,Unknown,,,,,,,,,,,,https://huggingface.co/deepseek-ai/DeepSeek-R1,Unknown,0,,,,0.5,,0.5,
Text,"generate new text based on the input, such as creative writing, article generation, or dialogue.",Text Generation,google/byt5-base,,,,0.0,,,Unknown,,,,,,,,,,,,https://huggingface.co/google/byt5-base,Unknown,0,,,,0.5,,0.5,
Text,"generate new text based on the input, such as creative writing, article generation, or dialogue.",Text Generation,google/flan-t5-xxl,,,,0.0,,,Unknown,,,,,,,,,,,,https://huggingface.co/google/flan-t5-xxl,Unknown,0,,,,0.5,,0.5,
Text,"generate new text based on the input, such as creative writing, article generation, or dialogue.",Text Generation,facebook/m2m100_418M,,,,0.0,,,Unknown,,,,,,,,,,,,https://huggingface.co/facebook/m2m100_418M,Unknown,0,,,,0.5,,0.5,
Text,,Sentence Similarity,sentence-transformers/all-MiniLM-L6-v2,,,,0.0,,,Unknown,,,,,,,,,,,,https://huggingface.co/sentence-transformers/all-MiniLM-L6-v2,Unknown,0,,,,0.5,,0.5,
Text,,Sentence Similarity,sentence-transformers/all-mpnet-base-v2,,,,0.0,,,Unknown,,,,,,,,,,,,https://huggingface.co/sentence-transformers/all-mpnet-base-v2,Unknown,0,,,,0.5,,0.5,
Text,,Sentence Similarity,BAAI/bge-m3,,,,0.0,,,Unknown,,,,,,,,,,,,https://huggingface.co/BAAI/bge-m3,Unknown,0,,,,0.5,,0.5,
Text,translate the input text into another target language.,Machine translation,Attention is all you need,Tensorflow,73.8,1.0,43574.0,0.4336584394904458,Open Source,Apache-2.0 license,594,0.5678776290630975,16-32 GB,24.0,0.4666666666666667,GPU/TPU,1.0,1.0,Yes,Google,1.0,tensorflow/tensor2tensor: Library of deep learning models and datasets designed to make deep learning more accessible and accelerate ML research. (github.com),[1706.03762] Attention Is All You Need (arxiv.org),1,0.674511030799771,0.4827278521351179,0.7734633757961783,1.0,0.5,0.5,1.0
Text,translate the input text into another target language.,Machine translation,Tensor2tensor,Tensorflow,12.4,0.1680216802168021,43574.0,0.4336584394904458,Open Source,Apache-2.0 license,16.881,0.0161386233269598,16-32 GB,24.0,0.4666666666666667,GPU/TPU,1.0,1.0,Yes,Tensorflow,1.0,tensorflow/tensor2tensor: Library of deep learning models and datasets designed to make deep learning more accessible and accelerate ML research. (github.com),[1706.03762] Attention Is All You Need (arxiv.org),1,0.6574344832862079,0.7585973550031868,0.2742763839262596,1.0,0.5,0.5,1.0
Text,translate the input text into another target language.,Machine translation,PyTorch-Seq2Seq,PyTorch,1.4,0.018970189701897,2886.0,0.0287221337579617,Open Source,Apache-2.0 license,8.362,0.0079942638623326,8-16 GB,12.0,0.2,GPU,0.67,1.0,Yes,IBM,1.0,IBM/pytorch-seq2seq: An open source framework for seq2seq models in PyTorch. (github.com),https://arxiv.org/abs/1705.03122,1,0.6236250538855147,0.8960028680688337,0.0228709673243228,1.0,0.335,0.5,1.0
Text,translate the input text into another target language.,Machine translation,nmt-keras,Tensorflow,0.6,0.008130081300813,25.0,0.000248805732484,Open Source,MIT,5.903,0.0056434034416826,8-16 GB,12.0,0.2,GPU,0.67,1.0,Yes,Ivapeab,0.0,https://github.com/lvapeab/nmt-keras.git,https://arxiv.org/abs/1807.03096,1,0.5203990036984439,0.8971782982791587,0.0049775710734814,1.0,0.335,0.5,0.0
Text,translate the input text into another target language.,Machine translation,sockeye,mxnet,1.1,0.0149051490514905,204.0,0.00203025477707,Open Source,Apache-2.0 license,10.018,0.0095774378585086,8-16 GB,12.0,0.2,GPU,0.67,1.0,No,Awslabs,0.0,https://github.com/awslabs/sockeye.git,https://arxiv.org/abs/1712.05690,0,0.5207644225895682,0.8952112810707458,0.0097551913417223,1.0,0.335,0.5,0.0
Text,translate the input text into another target language.,Machine translation,marian,?,1.0,0.013550135501355,408.0,0.0040605095541401,,MIT,40.84,0.0390439770554493,8-16 GB,12.0,0.2,GPU,0.67,1.0,No,Marian-nmt,0.0,https://github.com/marian-nmt/marian.git,https://arxiv.org/abs/1804.00344,0,0.4413442604661765,0.8804780114722754,0.009754285122469,0.5,0.335,0.5,0.0
Text,translate the input text into another target language.,Machine translation,Fairseq,PyTorch,17.2,0.2330623306233062,1555.0,0.0154757165605095,Open Source,MIT license,22.242,0.0212638623326959,16-32 GB,24.0,0.4666666666666667,GPU,0.67,1.0,Yes,Facebook,1.0,https://github.com/facebookresearch/fairseq.git,https://arxiv.org/abs/1904.01038,1,0.6062659576497331,0.7560347355003187,0.1460276849981875,1.0,0.335,0.5,1.0
Text,translate the input text into another target language.,Machine translation,Tensorpack,Tensorflow,6.2,0.084010840108401,13737.0,0.1367137738853503,Open Source,Apache-2.0 license,9.066,0.0086673040152963,8-16 GB,12.0,0.2,GPU,0.67,1.0,Yes,Google,1.0,"tensorpack/tensorpack: A Neural Net Training Interface on TensorFlow, with focus on speed + flexibility (github.com)",Unknown,1,0.6399683071215417,0.8956663479923519,0.1050920136191807,1.0,0.335,0.5,1.0
Text,translate the input text into another target language.,Machine translation,PyTorch-GAN,PyTorch,12.3,0.1666666666666666,2583.0,0.0257066082802547,Open Source,MIT,69.709,0.0666434034416826,8-16 GB,12.0,0.2,GPU,0.67,1.0,No,Erik Linder-Noren,0.0,eriklindernoren/PyTorch-GAN: PyTorch implementations of Generative Adversarial Networks. (github.com),[1711.09020] StarGAN: Unified Generative Adversarial Networks for Multi-Domain Image-to-Image Translation (arxiv.org),0,0.5323100181461681,0.8666782982791588,0.1102826433121018,1.0,0.335,0.5,0.0
Text,translate the input text into another target language.,Machine translation,CycleGAN,Tensorflow,11.2,0.1517615176151761,13101.0,0.1303841560509554,Proprietary,BSD,12.846,0.0122810707456978,8-16 GB,12.0,0.2,GPU,0.67,1.0,Yes,Jun-Yan Zhu,0.0,"junyanz/CycleGAN: Software that can generate photos from paintings, turn horses into zebras, perform style transfer, and more. (github.com)",https://arxiv.org/abs/1703.10593,1,0.4720499539860429,0.8938594646271512,0.1432105729894878,0.5,0.335,0.5,0.0
Text,translate the input text into another target language.,Machine translation,transformers,PyTorch,66.7,0.9037940379403796,2600.0,0.0258757961783439,Open Source,Apache-2.0 license,96.081,0.0918556405353728,16-32 GB,24.0,0.4666666666666667,GPU,0.67,1.0,Yes,HuggingFace,1.0,https://github.com/huggingface/transformers.git,https://arxiv.org/abs/1907.06616,1,0.6769970021668072,0.7207388463989803,0.5526267412355653,1.0,0.335,0.5,1.0
Text,translate the input text into another target language.,Machine translation,MUSE,PyTorch,3.0,0.040650406504065,1295.0,0.0128881369426751,Open Source,Creative Commons Public License,0.215,0.0002055449330783,8-16 GB,12.0,0.2,GPU,0.67,1.0,Yes,Facebook,1.0,https://github.com/facebookresearch/MUSE.git,https://arxiv.org/abs/1710.04087,1,0.6261282679959401,0.8998972275334609,0.029545498679509,1.0,0.335,0.5,1.0
Text,translate the input text into another target language.,Machine translation,facebook/mbart-large-50-many-to-many-mmt,,,,0.0,,,Unknown,,,,,,,,,,,,https://huggingface.co/facebook/mbart-large-50-many-to-many-mmt,Unknown,0,,,,0.5,,0.5,
Text,translate the input text into another target language.,Machine translation,Helsinki-NLP/opus-mt-de-en,,,,0.0,,,Unknown,,,,,,,,,,,,https://huggingface.co/Helsinki-NLP/opus-mt-de-en,Unknown,0,,,,0.5,,0.5,
Text,translate the input text into another target language.,Machine translation,google-t5/t5-base,,,,0.0,,,Unknown,,,,,,,,,,,,https://huggingface.co/google-t5/t5-base,Unknown,0,,,,0.5,,0.5,
Text,,Text Classification,distilbert-base-uncased-finetuned-sst-2-english,,,,0.0,,,Unknown,,,,,,,,,,,,https://huggingface.co/google/tapas-base-finetuned-wtq,Unknown,0,,,,0.5,,0.5,
Text,,Text Classification,cardiffnlp/twitter-roberta-base-sentiment,,,,0.0,,,Unknown,,,,,,,,,,,,https://huggingface.co/google/tapas-large-finetuned-wtq,Unknown,0,,,,0.5,,0.5,
Text,,Text Classification,FacebookAI/roberta-large-mnli,,,,0.0,,,Unknown,,,,,,,,,,,,https://huggingface.co/microsoft/tapex-large-finetuned-wtq,Unknown,0,,,,0.5,,0.5,
Text,,Document Question Answering,impira/layoutlm-document-qa,,,,0.0,,,Unknown,,,,,,,,,,,,https://huggingface.co/impira/layoutlm-document-qa,Unknown,0,,,,0.5,,0.5,
Text,,Document Question Answering,naver-clova-ix/donut-base-finetuned-docvqa,,,,0.0,,,Unknown,,,,,,,,,,,,https://huggingface.co/naver-clova-ix/donut-base-finetuned-docvqa,Unknown,0,,,,0.5,,0.5,
Text,,Document Question Answering,jinhybr/OCR-DocVQA-Donut,,,,0.0,,,Unknown,,,,,,,,,,,,https://huggingface.co/jinhybr/OCR-DocVQA-Donut,Unknown,0,,,,0.5,,0.5,
Text,convert the written text into spoken audio.,Text-to-Speech,coqui/XTTS-v2,,,,0.0,,,Unknown,,,,,,,,,,,,https://huggingface.co/coqui/XTTS-v2,Unknown,0,,,,0.5,,0.5,
Text,convert the written text into spoken audio.,Text-to-Speech,hexgrad/Kokoro-82M,,,,0.0,,,Unknown,,,,,,,,,,,,https://huggingface.co/hexgrad/Kokoro-82M,Unknown,0,,,,0.5,,0.5,
Text,convert the written text into spoken audio.,Text-to-Speech,suno/bark,,,,0.0,,,Unknown,,,,,,,,,,,,https://huggingface.co/suno/bark,Unknown,0,,,,0.5,,0.5,
Text,convert the written text into spoken audio.,Text-to-Speech,coqui/XTTS-v2,,,,0.0,,,Unknown,,,,,,,,,,,,https://huggingface.co/coqui/XTTS-v2,Unknown,0,,,,0.5,,0.5,
Text,convert the written text into spoken audio.,Text-to-Speech,demucs,,,,0.0,,,Unknown,,,,,,,,,,,,https://github.com/facebookresearch/demucs,Unknown,0,,,,0.5,,0.5,
Text,convert the written text into spoken audio.,Text-to-Speech,2Noise/ChatTTS,,,,0.0,,,Unknown,,,,,,,,,,,,https://huggingface.co/2Noise/ChatTTS,Unknown,0,,,,0.5,,0.5,
Text,convert the written text into spoken audio.,Text to speech,Wavenet,Tensorflow,5.2,0.070460704607046,802.0,0.0079816878980891,Open source,MIT license,335,0.3202676864244742,8-16 GB,12.0,0.2,GPU,0.67,1.0,No,n.a,0.0,https://github.com/ibab/tensorflow-wavenet.git,https://arxiv.org/abs/1609.03499,0,0.4063036666210215,0.7398661567877629,0.0454690979234632,0.5,0.335,0.5,0.0
Text,convert the written text into spoken audio.,Text to speech,fairseq,PyTorch,29.4,0.3983739837398374,2928.0,0.029140127388535,Open source,MIT license,204,0.1950286806883365,16-32 GB,24.0,0.4666666666666667,GPU,0.67,1.0,Yes,Facebook,0.0,https://github.com/facebookresearch/fairseq,https://arxiv.org/abs/1904.01038,1,0.4261317861366128,0.6691523263224983,0.2506804411993164,0.5,0.335,0.5,0.0
Text,convert the written text into spoken audio.,Text to speech,waveglow,PyTorch,2.0,0.02710027100271,681.0,0.0067774681528662,Open source,BSD-3-Clause license,436,0.4168260038240918,8-16 GB,12.0,0.2,GPU,0.67,1.0,Yes,n.a,0.0,N.a,https://ieeexplore.ieee.org/abstract/document/8683143/?casa_token=dQrm6Kz_A4MAAAAA:L9ZATCxS86HQ6vam7WDiJwHr9mPPXNZsHTDtZvmygGPc0ZxCKYIqUcbKB5G6ACM3z3ViclUfPxE,1,0.3865203293989407,0.6915869980879541,0.0189711498627724,0.5,0.335,0.5,0.0
Text,convert the written text into spoken audio.,Text to speech,Tacotron,Tensorflow,35.2,0.4769647696476965,1255.0,0.0124900477707006,Open source,MIT,369.627,0.3533718929254302,8-16 GB,12.0,0.2,GPU,0.67,1.0,No,Corentin Jemine,0.0,CorentinJ/Real-Time-Voice-Cloning: Clone a voice in 5 seconds to generate arbitrary speech in real-time (github.com),https://arxiv.org/abs/1703.10135,0,0.4504791922405651,0.723314053537285,0.2911748808968981,0.5,0.335,0.5,0.0
Text,convert the written text into spoken audio.,Text to speech,TTS,PyTorch,5.1,0.0691056910569105,254.0,0.0025278662420382,Open source,MPL-2.0,132.045,0.1262380497131931,8-16 GB,12.0,0.2,GPU,0.67,1.0,No,Coqui-ai,1.0,"coqui-ai/TTS: üê∏üí¨ - a deep learning toolkit for Text-to-Speech, battle-tested in research and production (github.com)",https://arxiv.org/abs/1710.08969,0,0.5348092047692133,0.8368809751434034,0.0424745611309615,0.5,0.335,0.5,1.0
Text,convert the written text into spoken audio.,Text to speech,PaddleSpeech,Paddle,4.3,0.0582655826558265,487.0,0.0048467356687898,Open source,Apache License,56.781,0.0542839388145315,8-16 GB,12.0,0.2,GPU,0.67,1.0,Yes,Paddle,1.0,https://github.com/PaddlePaddle/PaddleSpeech.git,https://proceedings.neurips.cc/paper/2018/hash/6832a7b24bc06775d02b7406880b93fc-Abstract.html,1,0.5444870179500226,0.8728580305927343,0.0368980438610118,0.5,0.335,0.5,1.0
Text,convert the written text into spoken audio.,Text to speech,TensorflowTTS,Tensorflow,1.0,0.013550135501355,1035.0,0.0103005573248407,Open source,MIT license,458,0.4378585086042065,8-16 GB,12.0,0.2,GPU,0.67,1.0,No,as-ideas,0.0,https://github.com/as-ideas/TransformerTTS.git,Unknown,0,0.3820212845555188,0.6810707456978968,0.0122503042307492,0.5,0.335,0.5,0.0
Text,convert the written text into video.,Text-to-Video,Lightricks/LTX-Video,,,,0.0,,,Unknown,,,,,,,,,,,,https://huggingface.co/Lightricks/LTX-Video,Unknown,0,,,,0.5,,0.5,
Text,convert the written text into video.,Text-to-Video,tencent/HunyuanVideo,,,,0.0,,,Unknown,,,,,,,,,,,,https://huggingface.co/tencent/HunyuanVideo,Unknown,0,,,,0.5,,0.5,
Text,convert the written text into video.,Text-to-Video,THUDM/CogVideoX-5b,,,,0.0,,,Unknown,,,,,,,,,,,,https://huggingface.co/THUDM/CogVideoX-5b,Unknown,0,,,,0.5,,0.5,
Audio,convert the spoken words into text.,Speech to text,DeepSpeech,Tensorflow,19.6,0.2655826558265583,1907.0,0.0189789012738853,Open source,MPL-2.0 license,50.672,0.0484435946462715,8-16 GB,12.0,0.2,GPU,0.67,1.0,Yes,n.a,0.0,https://github.com/mozilla/DeepSpeech.git,https://arxiv.org/abs/1412.5567,1,0.4713716916041571,0.8757782026768643,0.1669411540054891,0.5,0.335,0.5,0.0
Audio,convert the spoken words into text.,Speech to text,"Listen, Attend and Spell",PyTorch,0.2,0.002710027100271,415.0,0.0041301751592356,Open source,MIT license,670,0.6405353728489483,8-16 GB,12.0,0.2,GPU,0.67,1.0,No,n.a,0.0,https://github.com/kaituoxu/Listen-Attend-Spell.git,https://arxiv.org/abs/1508.01211,0,0.3498253113374291,0.5797323135755259,0.0032780863238568,0.5,0.335,0.5,0.0
Audio,convert the spoken words into text.,Speech to text,Neural Collaborative Filtering,Tensorflow,13.3,0.1802168021680217,3579.0,0.0356190286624203,Open source,MIT license,207.025,0.1979206500956023,4-8 GB,6.0,0.0666666666666666,GPU,0.67,1.0,Yes,n.a,0.0,https://github.com/microsoft/recommenders.git,https://dl.acm.org/doi/abs/10.1145/3038912.3052569,1,0.4600374410388159,0.8677063416188655,0.1223776927657811,0.5,0.335,0.5,0.0
Audio,convert the spoken words into text.,Speech to text,DeepSpeech 2,Paddle,4.1,0.0555555555555555,2708.0,0.0269506369426751,Open source,Apache-2.0 license,54.554,0.0521548757170172,8-16 GB,12.0,0.2,GPU,0.67,1.0,Yes,n.a,0.0,https://github.com/PaddlePaddle/PaddleSpeech.git,http://proceedings.mlr.press/v48/amodei16.html?ref=https://codemonkey.link,1,0.4462494862645281,0.8739225621414914,0.0441135881104033,0.5,0.335,0.5,0.0
Audio,convert the spoken words into text.,Speech to text,Fairseq S2T,PyTorch,17.2,0.2330623306233062,74.0,0.0007364649681528,Open source,MIT license,22.259,0.0212801147227533,16-32 GB,24.0,0.4666666666666667,GPU,0.67,1.0,No,Facebook,1.0,facebookresearch/fairseq: Facebook AI Research Sequence-to-Sequence Toolkit written in Python. (github.com),https://arxiv.org/abs/2010.05171,0,0.530084379663836,0.7560266093052901,0.1401319843612448,0.5,0.335,0.5,1.0
Audio,,Speech to text,Qwen/Qwen2-Audio-7B-Instruct,,,,0.0,,,Unknown,,,,,,,,,,,,https://huggingface.co/Qwen/Qwen2-Audio-7B-Instruct,Unknown,0,,,,0.5,,0.5,
Audio,,Speech to text,fixie-ai/ultravox-v0_5-llama-3_2-1b,,,,0.0,,,Unknown,,,,,,,,,,,,https://huggingface.co/fixie-ai/ultravox-v0_5-llama-3_2-1b,Unknown,0,,,,0.5,,0.5,
Audio,,Speech to text,openai/whisper-large-v3-turbo,,,,0.0,,,Unknown,,,,,,,,,,,,https://huggingface.co/openai/whisper-large-v3-turbo,Unknown,0,,,,0.5,,0.5,
Audio,,Automatic speech Recognition,facebook/wav2vec2-base-960h,,,,0.0,,,Unknown,,,,,,,,,,,,https://huggingface.co/facebook/wav2vec2-base-960h,Unknown,0,,,,0.5,,0.5,
Audio,,Automatic speech Recognition,deepspeech,,,,0.0,,,Unknown,,,,,,,,,,,,https://github.com/mozilla/DeepSpeech,Unknown,0,,,,0.5,,0.5,
Audio,,Automatic speech Recognition,openai/whisper-large-v3,,,,0.0,,,Unknown,,,,,,,,,,,,https://huggingface.co/openai/whisper-large-v3,Unknown,0,,,,0.5,,0.5,
Audio,,Audio-to-Audio,stabilityai/stable-audio-open-1.0,,,,0.0,,,Unknown,,,,,,,,,,,,https://huggingface.co/stabilityai/stable-audio-open-1.0,Unknown,0,,,,0.5,,0.5,
Audio,,Audio-to-Audio,demucs,,,,0.0,,,Unknown,,,,,,,,,,,,https://github.com/NVIDIA/NeMo,Unknown,0,,,,0.5,,0.5,
Audio,,Audio-to-Audio,ConvTasNet,,,,0.0,,,Unknown,,,,,,,,,,,,https://pytorch.org/audio/main/generated/torchaudio.models.ConvTasNet.html,Unknown,0,,,,0.5,,0.5,
Audio,,Audio Classification,facebook/wav2vec2-large-robust,,,,0.0,,,Unknown,,,,,,,,,,,,https://huggingface.co/facebook/wav2vec2-large-robust,Unknown,0,,,,0.5,,0.5,
Audio,,Audio Classification,YAMnet,,,,0.0,,,Unknown,,,,,,,,,,,,https://www.kaggle.com/models/google/yamnet/tensorFlow2/yamnet/1?tfhub-redirect=true,Unknown,0,,,,0.5,,0.5,
Audio,,Audio Classification,MIT/ast-finetuned-audioset-10-10-0.4593,,,,0.0,,,Unknown,,,,,,,,,,,,https://huggingface.co/MIT/ast-finetuned-audioset-10-10-0.4593,Unknown,0,,,,0.5,,0.5,
Audio,,Voice Activity Detection,opensmile,,,,0.0,,,Unknown,,,,,,,,,,,,https://github.com/audeering/opensmile,Unknown,0,,,,0.5,,0.5,
Audio,,Voice Activity Detection,pyannote/segmentation-3.0,,,,0.0,,,Unknown,,,,,,,,,,,,https://huggingface.co/pyannote/segmentation-3.0,Unknown,0,,,,0.5,,0.5,
Audio,,Voice Activity Detection,silvero vad,,,,0.0,,,Unknown,,,,,,,,,,,,https://github.com/snakers4/silero-vad,Unknown,0,,,,0.5,,0.5,
Video/Images,,Image to Text,Qwen/Qwen2.5-VL-7B-Instruct,,,,0.0,,,Unknown,,,,,,,,,,,,https://huggingface.co/Qwen/Qwen2.5-VL-7B-Instruct,Unknown,0,,,,0.5,,0.5,
Video/Images,,Image to Text,meta-llama/Llama-3.2-11B-Vision-Instruct,,,,0.0,,,Unknown,,,,,,,,,,,,https://huggingface.co/meta-llama/Llama-3.2-11B-Vision-Instruct,Unknown,0,,,,0.5,,0.5,
Video/Images,,Image to Text,google/gemma-3-27b-it,,,,0.0,,,Unknown,,,,,,,,,,,,https://huggingface.co/google/gemma-3-27b-it,Unknown,0,,,,0.5,,0.5,
Video/Images,,Video to Text,Video-R1/Video-R1-7B,,,,0.0,,,Unknown,,,,,,,,,,,,https://huggingface.co/Video-R1/Video-R1-7B,Unknown,0,,,,0.5,,0.5,
Video/Images,,Video to Text,llava-hf/LLaVA-NeXT-Video-7B-hf,,,,0.0,,,Unknown,,,,,,,,,,,,https://huggingface.co/llava-hf/LLaVA-NeXT-Video-7B-hf,Unknown,0,,,,0.5,,0.5,
Video/Images,,Video to Text,lmms-lab/LLaVA-Video-7B-Qwen2,,,,0.0,,,Unknown,,,,,,,,,,,,https://huggingface.co/lmms-lab/LLaVA-Video-7B-Qwen2,Unknown,0,,,,0.5,,0.5,
Video/Images,detect and localize objects of interest within the input.,Object detection,SSD,MXNet,4.7,0.0636856368563685,22053.0,0.2194765127388535,Open source,MIT license,108.865,0.1040774378585085,8-16 GB,12.0,0.2,GPU,0.67,1.0,Yes,n.a,0.0,https://github.com/amdegroot/ssd.pytorch.git,https://link.springer.com/chapter/10.1007/978-3-319-46448-0_2,1,0.4548387817630963,0.8479612810707458,0.1260019872093625,0.5,0.335,0.5,0.0
Video/Images,detect and localize objects of interest within the input.,Object detection,Darknet,Tensorflow,19.2,0.2601626016260163,24875.0,0.247561703821656,Open source,YOLO license,14.4,0.0137667304015296,4-8 GB,6.0,0.0666666666666666,GPU,0.67,1.0,Yes,Alexey,1.0,https://github.com/AlexeyAB/darknet.git,https://www.cv-foundation.org/openaccess/content_cvpr_2016/html/Redmon_You_Only_Look_CVPR_2016_paper.html,1,0.614209438940625,0.959783301465902,0.2551222425042722,0.5,0.335,0.5,1.0
Video/Images,detect and localize objects of interest within the input.,Object detection,Faster-rcnn,PyTorch,20.0,0.2710027100271003,43763.0,0.4355394108280255,Open source,Apache-2.0 license,38.675,0.0369741873804971,8-16 GB,12.0,0.2,GPU,0.67,1.0,Yes,n.a,0.0,https://github.com/open-mmlab/mmdetection.git,https://proceedings.neurips.cc/paper/2015/hash/14bfa6bb14875e45bba028a21ed38046-Abstract.html,1,0.5070673499624195,0.8815129063097515,0.3368173903474704,0.5,0.335,0.5,0.0
Video/Images,detect and localize objects of interest within the input.,Object detection,Mask-RCNN,Tensorflow,21.8,0.2953929539295393,19289.0,0.191968550955414,Open source,MIT license,122.597,0.1172055449330783,8-16 GB,12.0,0.2,GPU,0.67,1.0,Yes,MatterPort,1.0,https://github.com/matterport/Mask_RCNN,https://arxiv.org/abs/1703.06870,1,0.5784738068080161,0.8413972275334609,0.2540231927398891,0.5,0.335,0.5,1.0
Video/Images,detect and localize objects of interest within the input.,Object detection,Detectron 2,PyTorch,21.2,0.2872628726287263,13858.0,0.1379179936305732,Open source,Apache-2.0 license,6.102,0.0058336520076481,8-16 GB,12.0,0.2,GPU,0.67,1.0,Yes,Facebook,1.0,"facebookresearch/detectron2: Detectron2 is a platform for object detection, segmentation and other visual recognition tasks. (github.com)",https://arxiv.org/abs/1708.02002,1,0.5898799364047458,0.897083173996176,0.227524921029465,0.5,0.335,0.5,1.0
Video/Images,detect and localize objects of interest within the input.,Object detection,pytorch-image-models,PyTorch,19.5,0.2642276422764227,87.0,0.0008658439490445,N.a,Apache-2.0 license,20.495,0.0195936902485659,4-8 GB,6.0,0.0666666666666666,GPU,0.67,1.0,Yes,rwightman,0.0,https://github.com/rwightman/pytorch-image-models.git,https://arxiv.org/abs/2106.10270,1,0.4940875310518093,0.9568698215423836,0.1588829229454714,0.5,0.335,0.5,0.0
Video/Images,detect and localize objects of interest within the input.,Object detection,PaddleOCR,Paddle,23.2,0.3143631436314363,1014.0,0.0100915605095541,Open source,Apache-2.0 license,328.174,0.3137418738049713,8-16 GB,12.0,0.2,GPU,0.67,1.0,Yes,Paddle,1.0,https://github.com/PaddlePaddle/PaddleOCR.git,http://openaccess.thecvf.com/content_CVPRW_2020/html/w40/Cubuk_Randaugment_Practical_Automated_Data_Augmentation_With_a_Reduced_Search_Space_CVPRW_2020_paper.html,1,0.536719621005791,0.7431290630975144,0.1926545103826834,0.5,0.335,0.5,1.0
Video/Images,,Zero-shot Object Detection,IDEA-Research/grounding-dino-base,,,,0.0,,,Unknown,,,,,,,,,,,,https://huggingface.co/IDEA-Research/grounding-dino-base,Unknown,0,,,,0.5,,0.5,
Video/Images,,Zero-shot Object Detection,google/owlvit-base-patch32,,,,0.0,,,Unknown,,,,,,,,,,,,https://huggingface.co/google/owlvit-base-patch32,Unknown,0,,,,0.5,,0.5,
Video/Images,,Zero-shot Object Detection,google/owlv2-large-patch14-ensemble,,,,0.0,,,Unknown,,,,,,,,,,,,https://huggingface.co/google/owlv2-large-patch14-ensemble,Unknown,0,,,,0.5,,0.5,
Video/Images,estimate the pose or body positioning of people or objects within the input.,Pose estimation,Mask R-CNN,Tensorflow,73.8,1.0,19075.0,0.1898387738853503,Open source,Apache-2.0 license,594.282,0.5681472275334608,8-16 GB,12.0,0.2,GPU,0.67,1.0,Yes,n.a,0.0,https://github.com/tensorflow/models.git,http://openaccess.thecvf.com/content_iccv_2017/html/He_Mask_R-CNN_ICCV_2017_paper.html,1,0.4952150177808089,0.6159263862332696,0.6759355095541402,0.5,0.335,0.5,0.0
Video/Images,estimate the pose or body positioning of people or objects within the input.,Pose estimation,alpha_pose_resnet101,MXNet,5.8,0.078590785907859,2050.0,0.0204020700636942,Open source,N.a,70,0.0669216061185468,8-16 GB,12.0,0.2,GPU,0.67,1.0,Yes,Hao-Shu FANG,0.0,https://github.com/dmlc/gluon-cv/?tab=readme-ov-file,Unknown,1,0.4462748189962566,0.8665391969407266,0.055315299570193,0.5,0.335,0.5,0.0
Video/Images,estimate the pose or body positioning of people or objects within the input.,Pose estimation,Openpose,PyTorch,24.4,0.3306233062330623,7455.0,0.0741938694267515,Proprietary,OpenPose license,86.46,0.0826577437858508,8-16 GB,12.0,0.2,GPU,0.67,1.0,Yes,n.a,0.0,"CMU-Perceptual-Computing-Lab/openpose: OpenPose: Real-time multi-person keypoint detection library for body, face, hands, and foot estimation (github.com)",https://arxiv.org/abs/1812.08008,1,0.47846164473423,0.8586711281070747,0.2280515315105379,0.5,0.335,0.5,0.0
Video/Images,estimate the pose or body positioning of people or objects within the input.,Pose estimation,Detectron 2,PyTorch,21.2,0.2872628726287263,13858.0,0.1379179936305732,Open Source,Apache-2.0 license,6.102,0.0058336520076481,8-16 GB,12.0,0.2,GPU,0.67,1.0,Yes,Facebook,1.0,"facebookresearch/detectron2: Detectron2 is a platform for object detection, segmentation and other visual recognition tasks. (github.com)",https://arxiv.org/abs/1708.02002,1,0.6648799364047459,0.897083173996176,0.227524921029465,1.0,0.335,0.5,1.0
Video/Images,estimate the pose or body positioning of people or objects within the input.,Pose estimation,mmpose,PyTorch,2.0,0.02710027100271,4072.0,0.0405254777070063,Open source,Apache-2.0 license,25.396,0.0242791586998087,8-16 GB,12.0,0.2,GPU,0.67,1.0,Yes,Open-mmlab,1.0,open-mmlab/mmpose: OpenMMLab Pose Estimation Toolbox and Benchmark. (github.com),https://arxiv.org/abs/1603.06937,1,0.5481021969319144,0.8878604206500957,0.0324703536844285,0.5,0.335,0.5,1.0
Video/Images,estimate the pose or body positioning of people or objects within the input.,Pose estimation,DeepLabCut,Tensorflow,3.1,0.0420054200542005,59.0,0.0005871815286624,N.a,LGPL-3.0 license,161.367,0.1542705544933078,4-8 GB,6.0,0.0666666666666666,GPU,0.67,1.0,No,DeepLabCut,1.0,https://github.com/DeepLabCut/DeepLabCut.git,Unknown,0,0.5471970417548009,0.8895313894200128,0.0254381246439852,0.5,0.335,0.5,1.0
Video/Images,estimate the pose or body positioning of people or objects within the input.,Pose estimation,AdelaiDet,PyTorch,2.9,0.0392953929539295,2168.0,0.0215764331210191,Propriatary,BSD-2.0 license,0.648,0.0006195028680688,8-16 GB,12.0,0.2,GPU,0.67,1.0,No,n.a,0.0,https://github.com/aim-uofa/AdelaiDet.git,http://openaccess.thecvf.com/content_ICCV_2019/html/Tian_FCOS_Fully_Convolutional_One-Stage_Object_Detection_ICCV_2019_paper.html,0,0.4515986363739427,0.8996902485659657,0.0322078090207653,0.5,0.335,0.5,0.0
Video/Images,assign a label or category to the input image based on its content.,Image classfication,MobileNetV2,MXNet,2.6,0.035230352303523,9633.0,0.0958698248407643,Open source,MIT license,21.367,0.0204273422562141,4-8 GB,6.0,0.0666666666666666,GPU,0.67,1.0,Yes,n.a,0.0,https://github.com/osmr/imgclsmob.git,http://openaccess.thecvf.com/content_cvpr_2018/html/Sandler_MobileNetV2_Inverted_Residuals_CVPR_2018_paper.html,1,0.4740831269252518,0.9564529955385596,0.0594861413184195,0.5,0.335,0.5,0.0
Video/Images,assign a label or category to the input image based on its content.,Image classfication,EfficientNet,Tensorflow,4.8,0.065040650406504,6792.0,0.0675955414012738,Open source,Apache-2.0 license,46.76,0.0447036328871892,8-16 GB,12.0,0.2,GPU/TPU,1.0,1.0,Yes,Google,1.0,https://github.com/tensorflow/tpu.git,http://proceedings.mlr.press/v97/tan19a.html,1,0.576506976427804,0.8776481835564054,0.0660626068044119,0.5,0.5,0.5,1.0
Video/Images,assign a label or category to the input image based on its content.,Image classfication,resnest269,Gluon,5.8,0.078590785907859,1725.0,0.0171675955414012,Open source,Apache-2.0 license,32,0.0305927342256214,8-16 GB,12.0,0.2,GPU,0.67,1.0,Yes,n.a,0.0,https://github.com/dmlc/gluon-cv/,Unknown,1,0.451465391818412,0.8847036328871893,0.0540215097612758,0.5,0.335,0.5,0.0
Video/Images,assign a label or category to the input image based on its content.,Image classfication,ClassyVision,PyTorch,1.5,0.0203252032520325,359.0,0.0035728503184713,Open source,MIT license,4.543,0.0043432122370936,8-16 GB,12.0,0.2,GPU,0.67,1.0,Yes,n.a,0.0,https://github.com/facebookresearch/ClassyVision.git,https://arxiv.org/abs/1708.03888,1,0.4473233705801576,0.8978283938814533,0.013624262078608,0.5,0.335,0.5,0.0
Video/Images,assign a label or category to the input image based on its content.,Image classfication,SqueezeNet,Caffe2,0.4,0.005420054200542,5746.0,0.0571855095541401,Open source,BSD-2-Clause license,0.577,0.0005516252390057,4-8 GB,6.0,0.0666666666666666,GPU,0.67,1.0,No,n.a,0.0,https://github.com/songhan/SqueezeNet-Deep-Compression.git,https://arxiv.org/abs/1602.07360,0,0.4703925034825454,0.9663908540471638,0.0261262363419812,0.5,0.335,0.5,0.0
Video/Images,assign a label or category to the input image based on its content.,Image classfication,Super-gradients,PyTorch,0.4,0.005420054200542,1068.0,0.0106289808917197,Open source,Apache-2.0 license,43.795,0.0418690248565965,8-16 GB,12.0,0.2,GPU,0.67,1.0,Yes,Deci AI,0.0,https://github.com/Deci-AI/super-gradients.git,http://openaccess.thecvf.com/content_CVPRW_2020/html/w28/Wang_CSPNet_A_New_Backbone_That_Can_Enhance_Learning_Capability_of_CVPRW_2020_paper.html,1,0.4404703712469131,0.8790654875717018,0.007503624877013,0.5,0.335,0.5,0.0
Video/Images,assign a label or category to the input image based on its content.,Image classfication,vissl,PyTorch,2.7,0.0365853658536585,89.0,0.0008857484076433,Open source,MIT license,19.81,0.0189388145315487,16-32 GB,24.0,0.4666666666666667,GPU,0.67,2.0,Yes,Facebook,1.0,https://github.com/facebookresearch/vissl.git,https://proceedings.neurips.cc/paper/2021/hash/a655fbe4b8d7439994aa37ddad80de56-Abstract.html,1,0.4318702815953181,0.7571972594008923,0.0223055188752524,0.5,-0.1649999999999999,0.5,1.0
Video/Images,assign a label or category to the input image based on its content.,Image Classification,timm/mobilenetv3_small_100.lamb_in1k,,,,0.0,,,Unknown,,,,,,,,,,,,https://huggingface.co/timm/mobilenetv3_small_100.lamb_in1k,Unknown,0,,,,0.5,,0.5,
Video/Images,assign a label or category to the input image based on its content.,Image Classification,nvidia/MambaVision-L3-512-21K,,,,0.0,,,Unknown,,,,,,,,,,,,https://huggingface.co/nvidia/MambaVision-L3-512-21K,Unknown,0,,,,0.5,,0.5,
Video/Images,assign a label or category to the input image based on its content.,Image Classification,google/vit-base-patch16-224,,,,0.0,,,Unknown,,,,,,,,,,,,https://huggingface.co/Intel/dpt-hybrid-midas,Unknown,0,,,,0.5,,0.5,
Video/Images,,Zero-shot Image Classification,openai/clip-vit-large-patch14,,,,0.0,,,Unknown,,,,,,,,,,,,https://huggingface.co/openai/clip-vit-large-patch14,Unknown,0,,,,0.5,,0.5,
Video/Images,,Zero-shot Image Classification,google/siglip-so400m-patch14-384,,,,0.0,,,Unknown,,,,,,,,,,,,https://huggingface.co/google/siglip-so400m-patch14-384,Unknown,0,,,,0.5,,0.5,
Video/Images,,Zero-shot Image Classification,microsoft/BiomedCLIP-PubMedBERT_256-vit_base_patch16_224,,,,0.0,,,Unknown,,,,,,,,,,,,https://huggingface.co/microsoft/BiomedCLIP-PubMedBERT_256-vit_base_patch16_224,Unknown,0,,,,0.5,,0.5,
Video/Images,identify and classify the actions performed by people or objects in the input video.,Action recognition,Non-local neural networks,Caffe2,1.9,0.0257452574525745,5424.0,0.0539808917197452,Open source,Creative Commons Public license,4.527,0.0043279158699808,8-16 GB,12.0,0.2,GPU,0.67,1.0,Yes,n.a,0.0,https://github.com/facebookresearch/video-nonlocal-net.git,http://openaccess.thecvf.com/content_cvpr_2018/html/Wang_Non-Local_Neural_Networks_CVPR_2018_paper.html,1,0.4520087148513914,0.8978360420650096,0.0370395111594427,0.5,0.335,0.5,0.0
Video/Images,identify and classify the actions performed by people or objects in the input video.,Action recognition,Grad-Cam++,Tensorflow,0.3,0.0040650406504065,944.0,0.0093949044585987,Open source,N.a,7.061,0.0067504780114722,4-8 GB,6.0,0.0666666666666666,GPU,0.67,1.0,Yes,n.a,0.0,https://github.com/adityac94/Grad_CAM_plus_plus.git,https://ieeexplore.ieee.org/abstract/document/8354201/?casa_token=B7kjKcrnGooAAAAA:fuFMNlRZRZlvL8zABgjnQYMeIcQXYkdWWvFo0Mvav_LfYIk8SH9N8y5S3uSAzIfkF7DwtfxlZ4o,1,0.4654768255330158,0.9632914276609306,0.0061969861736833,0.5,0.335,0.5,0.0
Video/Images,identify and classify the actions performed by people or objects in the input video.,Action recognition,slowfast,Gluon,0.0,0.0,0.0,0.0,Open source,N.a,,0.0,16-32 GB,24.0,0.4666666666666667,GPU,0.67,2.0,Yes,n.a,0.0,Unknown,Unknown,1,0.33025,0.7666666666666666,0.0,0.5,-0.1649999999999999,0.5,0.0
Video/Images,identify and classify the actions performed by people or objects in the input video.,Action recognition,3D-ResNets-PyTorch,PyTorch,3.3,0.0447154471544715,53.0,0.0005274681528662,Open source,MIT license,0.336,0.000321223709369,16-32 GB,24.0,0.4666666666666667,GPU,0.67,2.0,Yes,n.a,0.0,https://github.com/kenshohara/3D-ResNets-PyTorch.git,https://arxiv.org/abs/2004.04968,1,0.3356098675543605,0.7665060548119822,0.0270402555538293,0.5,-0.1649999999999999,0.5,0.0
Video/Images,identify and classify the actions performed by people or objects in the input video.,Action recognition,PaddleDetection(non-local-neural-networks),Paddle,0.0,0.0,10632.0,0.105812101910828,Open source,Unknown,0,0.0,8-16 GB,12.0,0.2,GPU,0.67,1.0,No,n.a,0.0,Unknown,https://arxiv.org/abs/1711.07971,0,0.4537149681528662,0.9,0.0423248407643312,0.5,0.335,0.5,0.0
Video/Images,identify and classify the actions performed by people or objects in the input video.,Action recognition,Towhee,PyTorch,0.8,0.010840108401084,69.0,0.000686703821656,Open source,Apache-2.0,34.159,0.0326567877629063,16-32 GB,24.0,0.4666666666666667,GPU,0.67,1.0,yes,Towhee-io,0.0,https://github.com/towhee-io/towhee.git,https://openaccess.thecvf.com/content/CVPR2022/html/Liu_Swin_Transformer_V2_Scaling_Up_Capacity_and_Resolution_CVPR_2022_paper.html,1,0.4017072311494266,0.7503382727852135,0.0067787465693128,0.5,0.335,0.5,0.0
Video/Images,identify and classify the actions performed by people or objects in the input video.,Action recognition,scenic,JAX,1.1,0.0149051490514905,12.0,0.0001194267515923,Open source,Apache-2.0,25.641,0.0245133843212237,16-32 GB,24.0,0.4666666666666667,GPU/TPU,1.0,1.0,Yes,Google,1.0,https://github.com/google-research/scenic.git,https://openaccess.thecvf.com/content/CVPR2022/html/Yan_Multiview_Transformers_for_Video_Recognition_CVPR_2022_paper.html,1,0.5281211643781227,0.7544099745060548,0.0089908601315312,0.5,0.5,0.5,1.0
Video/Images,,Mask Generation,facebook/sam-vit-huge,,,,0.0,,,Unknown,,,,,,,,,,,,https://huggingface.co/facebook/sam-vit-huge,Unknown,0,,,,0.5,,0.5,
Video/Images,,Mask Generation,Zigeng/SlimSAM-uniform-77,,,,0.0,,,Unknown,,,,,,,,,,,,https://huggingface.co/Zigeng/SlimSAM-uniform-77,Unknown,0,,,,0.5,,0.5,
Video/Images,,Mask Generation,facebook/sam2.1-hiera-large,,,,0.0,,,Unknown,,,,,,,,,,,,https://huggingface.co/facebook/sam2.1-hiera-large,Unknown,0,,,,0.5,,0.5,
Video/Images,,Text-to-3d,Zhengyi/LLaMA-Mesh,,,,0.0,,,Unknown,,,,,,,,,,,,https://huggingface.co/Zhengyi/LLaMA-Mesh,Unknown,0,,,,0.5,,0.5,
Video/Images,,Text-to-3d,openai/shap-e,,,,0.0,,,Unknown,,,,,,,,,,,,https://huggingface.co/openai/shap-e,Unknown,0,,,,0.5,,0.5,
Video/Images,,Text-to-3d,ashawkey/LGM,,,,0.0,,,Unknown,,,,,,,,,,,,https://huggingface.co/ashawkey/LGM,Unknown,0,,,,0.5,,0.5,
Video/Images,,Image-to-3d,TencentARC/InstantMesh,,,,0.0,,,Unknown,,,,,,,,,,,,https://huggingface.co/TencentARC/InstantMesh,Unknown,0,,,,0.5,,0.5,
Video/Images,,Image-to-3d,JeffreyXiang/TRELLIS-image-large,,,,0.0,,,Unknown,,,,,,,,,,,,https://huggingface.co/JeffreyXiang/TRELLIS-image-large,Unknown,0,,,,0.5,,0.5,
Video/Images,,Image-to-3d,stabilityai/TripoSR,,,,0.0,,,Unknown,,,,,,,,,,,,https://huggingface.co/stabilityai/TripoSR,Unknown,0,,,,0.5,,0.5,
Video/Images,,Image Segmentation,zongzhuofan/co-detr-vit-large-coco,,,,0.0,,,Unknown,,,,,,,,,,,,https://huggingface.co/zongzhuofan/co-detr-vit-large-coco,Unknown,0,,,,0.5,,0.5,
Video/Images,,Image Segmentation,briaai/RMBG-2.0,,,,0.0,,,Unknown,,,,,,,,,,,,https://huggingface.co/briaai/RMBG-2.0,Unknown,0,,,,0.5,,0.5,
Video/Images,,Image Segmentation,ZhengPeng7/BiRefNet_HR,,,,0.0,,,Unknown,,,,,,,,,,,,https://huggingface.co/ZhengPeng7/BiRefNet_HR,Unknown,0,,,,0.5,,0.5,
Video/Images," assign a semantic label to each pixel in the input image, effectively segmenting the image into meaningful regions or objects.",Semantic Segmentation,Fully convolutional Networks for Semantic Segmentation,Caffe2,3.2,0.043360433604336,27308.0,0.2717754777070064,Open source,Unknown,0.254,0.0002428298279158,8-16 GB,12.0,0.2,GPU,0.67,1.0,Yes,n.a,0.0,https://github.com/shelhamer/fcn.berkeleyvision.org.git,http://openaccess.thecvf.com/content_cvpr_2015/html/Long_Fully_Convolutional_Networks_2015_CVPR_paper.html,1,0.4721588657748934,0.8998785850860421,0.1347264512454041,0.5,0.335,0.5,0.0
Video/Images," assign a semantic label to each pixel in the input image, effectively segmenting the image into meaningful regions or objects.",Semantic Segmentation,SegNet,MXNet,2.6,0.035230352303523,11328.0,0.1127388535031847,Open source,MIT license,21.367,0.0204273422562141,8-16 GB,12.0,0.2,GPU,0.67,1.0,Yes,n.a,0.0,https://github.com/osmr/imgclsmob.git,https://ieeexplore.ieee.org/abstract/document/7803544/,1,0.4554326492182454,0.889786328871893,0.0662337527833876,0.5,0.335,0.5,0.0
Video/Images," assign a semantic label to each pixel in the input image, effectively segmenting the image into meaningful regions or objects.",Semantic Segmentation,Mask R-CNN,Tensorflow,73.8,1.0,19654.0,0.1956011146496815,Open source,Apache-2.0 license,594.282,0.5681472275334608,8-16 GB,12.0,0.2,GPU,0.67,1.0,Yes,n.a,0.0,https://github.com/tensorflow/models.git,http://openaccess.thecvf.com/content/ICCV2021/html/Birodkar_The_Surprising_Impact_of_Mask-Head_Architecture_on_Novel_Class_Segmentation_ICCV_2021_paper.html,1,0.4956760050419554,0.6159263862332696,0.6782404458598725,0.5,0.335,0.5,0.0
Video/Images," assign a semantic label to each pixel in the input image, effectively segmenting the image into meaningful regions or objects.",Semantic Segmentation,deeplab_resnet_152_coco,Gluon,0.0,0.0,0.0,0.0,Open source,N.a,,0.0,16-32 GB,24.0,0.4666666666666667,GPU,0.67,1.0,Yes,n.a,0.0,Unknown,https://arxiv.org/abs/1612.03716,1,0.40525,0.7666666666666666,0.0,0.5,0.335,0.5,0.0
Video/Images," assign a semantic label to each pixel in the input image, effectively segmenting the image into meaningful regions or objects.",Semantic Segmentation,Pytorch-semantic-segmentation,PyTorch,4.3,0.0582655826558265,757.0,0.0075338375796178,Open source,BSD-3-Clause license,5.159,0.0049321223709369,8-16 GB,12.0,0.2,GPU,0.67,1.0,Yes,n.a,0.0,https://github.com/CSAILVision/semantic-segmentation-pytorch.git,https://link.springer.com/article/10.1007/s11263-018-1140-0,1,0.452104758569428,0.8975339388145316,0.037972884625343,0.5,0.335,0.5,0.0
Video/Images," assign a semantic label to each pixel in the input image, effectively segmenting the image into meaningful regions or objects.",Semantic Segmentation,imgclsmob,mxnet,2.6,0.035230352303523,44951.0,0.4473626592356688,Open source,MIT,21.367,0.0204273422562141,4-8 GB,6.0,0.0666666666666666,GPU,0.67,1.0,No,n.a,0.0,https://github.com/osmr/imgclsmob.git,https://link.springer.com/chapter/10.1007/978-3-319-24574-4_28,0,0.5022025536768442,0.9564529955385596,0.2000832750763813,0.5,0.335,0.5,0.0
Video/Images,,Visual Question Answering,dandelin/vilt-b32-finetuned-vqa,,,,0.0,,,Unknown,,,,,,,,,,,,https://huggingface.co/dandelin/vilt-b32-finetuned-vqa,Unknown,0,,,,0.5,,0.5,
Video/Images,,Visual Question Answering,Salesforce/blip-vqa-base,,,,0.0,,,Unknown,,,,,,,,,,,,https://huggingface.co/Salesforce/blip-vqa-base,Unknown,0,,,,0.5,,0.5,
Video/Images,,Visual Question Answering,openbmb/MiniCPM-Llama3-V-2_5-int4,,,,0.0,,,Unknown,,,,,,,,,,,,https://huggingface.co/openbmb/MiniCPM-Llama3-V-2_5-int4,Unknown,0,,,,0.5,,0.5,
Video/Images," assign a semantic label to each pixel in the input image, effectively segmenting the image into meaningful regions or objects.",Semantic Segmentation,segmentation-models,Tensorflow,4.0,0.05420054200542,0.0,0.0,Open source,MIT,1.873,0.0017906309751434,4-8 GB,6.0,0.0666666666666666,GPU,0.67,1.0,Yes,n.a,0.0,https://github.com/qubvel/segmentation_models.git,https://arxiv.org/abs/2201.02107,1,0.4714854703943789,0.965771351179095,0.032520325203252,0.5,0.335,0.5,0.0
Video/Images,,Depth Estimation,depth-anything/Depth-Anything-V2-Small-hf,,,,0.0,,,Unknown,,,,,,,,,,,,https://huggingface.co/depth-anything/Depth-Anything-V2-Small-hf,Unknown,0,,,,0.5,,0.5,
Video/Images,,Depth Estimation,tencent/DepthCrafter,,,,0.0,,,Unknown,,,,,,,,,,,,https://huggingface.co/tencent/DepthCrafter,Unknown,0,,,,0.5,,0.5,
Video/Images,,Depth Estimation,Intel/dpt-hybrid-midas,,,,0.0,,,Unknown,,,,,,,,,,,,https://huggingface.co/Intel/dpt-hybrid-midas,Unknown,0,,,,0.5,,0.5,
Video/Images,,Object Detection,Ultralytics/YOLOv8,,,,0.0,,,Unknown,,,,,,,,,,,,https://huggingface.co/Ultralytics/YOLOv8,Unknown,0,,,,0.5,,0.5,
Video/Images,,Object Detection,facebook/detr-resnet-50,,,,0.0,,,Unknown,,,,,,,,,,,,https://huggingface.co/facebook/detr-resnet-50,Unknown,0,,,,0.5,,0.5,
Video/Images,,Object Detection,microsoft/table-transformer-detection,,,,0.0,,,Unknown,,,,,,,,,,,,https://huggingface.co/microsoft/table-transformer-detection,Unknown,0,,,,0.5,,0.5,
Video/Images,,Text-to-Image,stable-diffusion-v1-5/stable-diffusion-v1-5,,,,0.0,,,Unknown,,,,,,,,,,,,https://huggingface.co/stable-diffusion-v1-5/stable-diffusion-v1-5,Unknown,0,,,,0.5,,0.5,
Video/Images,,Text-to-Image,black-forest-labs/FLUX.1-dev,,,,0.0,,,Unknown,,,,,,,,,,,,https://huggingface.co/black-forest-labs/FLUX.1-dev,Unknown,0,,,,0.5,,0.5,
Video/Images,,Text-to-Image,,,,,0.0,,,Unknown,,,,,,,,,,,,Unknown,Unknown,0,,,,0.5,,0.5,
Video/Images,,Image-to-image,stabilityai/stable-diffusion-xl-refiner-1.0,,,,0.0,,,Unknown,,,,,,,,,,,,https://huggingface.co/stabilityai/stable-diffusion-xl-refiner-1.0,Unknown,0,,,,0.5,,0.5,
Video/Images,,,,,,,0.0,,,Unknown,,,,,,,,,,,,Unknown,Unknown,0,,,,0.5,,0.5,
Video/Images,,,,,,,0.0,,,Unknown,,,,,,,,,,,,Unknown,Unknown,0,,,,0.5,,0.5,
Video/Images,,,,,,,0.0,,,Unknown,,,,,,,,,,,,Unknown,Unknown,0,,,,0.5,,0.5,
Video/Images,,Image-to-image,lllyasviel/sd-controlnet-canny,,,,0.0,,,Unknown,,,,,,,,,,,,https://huggingface.co/lllyasviel/sd-controlnet-canny,Unknown,0,,,,0.5,,0.5,
Video/Images,,Image-to-image,stable-diffusion-v1-5/stable-diffusion-inpainting,,,,0.0,,,Unknown,,,,,,,,,,,,https://huggingface.co/stable-diffusion-v1-5/stable-diffusion-inpainting,Unknown,0,,,,0.5,,0.5,
Video/Images,,Image-to-text,Salesforce/blip-image-captioning-base,,,,0.0,,,Unknown,,,,,,,,,,,,https://huggingface.co/Salesforce/blip-image-captioning-base,Unknown,0,,,,0.5,,0.5,
Video/Images,,Image-to-text,microsoft/trocr-base-handwritten,,,,0.0,,,Unknown,,,,,,,,,,,,https://huggingface.co/microsoft/trocr-base-handwritten,Unknown,0,,,,0.5,,0.5,
Video/Images,,Image-to-text,IAMJB/chexpert-mimic-cxr-findings-baseline,,,,0.0,,,Unknown,,,,,,,,,,,,https://huggingface.co/IAMJB/chexpert-mimic-cxr-findings-baseline,Unknown,0,,,,0.5,,0.5,
Video/Images,,Image-to-video,stabilityai/stable-video-diffusion-img2vid-xt,,,,0.0,,,Unknown,,,,,,,,,,,,https://huggingface.co/stabilityai/stable-video-diffusion-img2vid-xt,Unknown,0,,,,0.5,,0.5,
Video/Images,,Image-to-video,Wan-AI/Wan2.1-I2V-14B-480P-Diffusers,,,,0.0,,,Unknown,,,,,,,,,,,,https://huggingface.co/Wan-AI/Wan2.1-I2V-14B-480P-Diffusers,Unknown,0,,,,0.5,,0.5,
Video/Images,,Image-to-video,tencent/HunyuanVideo-I2V,,,,0.0,,,Unknown,,,,,,,,,,,,https://huggingface.co/tencent/HunyuanVideo-I2V,Unknown,0,,,,0.5,,0.5,
Video/Images,,Video Classification ,xclid,,,,0.0,,,Unknown,,,,,,,,,,,,microsoft/xclip-base-patch32 ¬∑ Hugging Face,Unknown,0,,,,0.5,,0.5,
Video/Images,,Video Classification ,videomaev2,,,,0.0,,,Unknown,,,,,,,,,,,,https://huggingface.co/MCG-NJU/videomae-base,Unknown,0,,,,0.5,,0.5,
Video/Images,,Video Classification ,vivit-b,,,,0.0,,,Unknown,,,,,,,,,,,,https://huggingface.co/google/vivit-b-16x2-kinetics400,Unknown,0,,,,0.5,,0.5,
Video/Images,,Image Feature Extraction,google/vit-base-patch16-224-in21k,,,,0.0,,,Unknown,,,,,,,,,,,,https://huggingface.co/google/vit-base-patch16-224-in21k,Unknown,0,,,,0.5,,0.5,
Video/Images,,Image Feature Extraction,facebook/dinov2-base,,,,0.0,,,Unknown,,,,,,,,,,,,https://huggingface.co/facebook/dinov2-base,Unknown,0,,,,0.5,,0.5,
Video/Images,,Image Feature Extraction,nvidia/MambaVision-S-1K,,,,0.0,,,Unknown,,,,,,,,,,,,https://huggingface.co/nvidia/MambaVision-S-1K,Unknown,0,,,,0.5,,0.5,
Tabular data,summarize and describe the input data using statistical techniques.,Descriptive analysis,Nothing for Descriptive Analysis,?,,0.0,0.0,0.0,,Unknown,,0.0,,,-0.0666666666666666,,,,,,,Unknown,Unknown,0,,1.0333333333333332,0.0,0.5,,0.5,
Tabular data," recommend relevant items (e.g., products, movies, music) to users based on their preferences and behaviors.",Recommender systems,ShapeNet,Tensorflow,0.0,0.0,0.0,0.0,Open source,N.a,N.a,,8-16 GB,12.0,0.2,GPU,0.67,1.0,Yes,N.a,0.0,N.a,N.a,1,,,0.0,0.5,0.335,0.5,0.0
Tabular data," recommend relevant items (e.g., products, movies, music) to users based on their preferences and behaviors.",Recommender systems,Adversarial Autoencoders,PyTorch,0.0,0.0,0.0,0.0,Open source,N.a,N.a,,8-16 GB,12.0,0.2,GPU,0.67,1.0,No,N.a,0.0,N.a,N.a,0,,,0.0,0.5,0.335,0.5,0.0
Tabular data," recommend relevant items (e.g., products, movies, music) to users based on their preferences and behaviors.",Recommender systems,Recommenders,Tensorflow,13.4,0.1815718157181572,0.0,0.0,Open source,MIT,N.a,,8-16 GB,12.0,0.2,GPU,0.67,1.0,No,N.a,0.0,N.a,N.a,0,,,0.1089430894308943,0.5,0.335,0.5,0.0
Tabular data," recommend relevant items (e.g., products, movies, music) to users based on their preferences and behaviors.",Recommender systems,mildnet,Tensorflow,0.08,0.0010840108401084,4.0,3.980891719745223e-05,Proprietary,Apache-2.0 license,2.736,0.0026156787762906,4-8 GB,6.0,0.0666666666666666,GPU,0.67,1.0,Yes,gofynd,0.0,https://github.com/gofynd/mildnet.git,https://arxiv.org/abs/1903.00905,1,0.4649909141977452,0.9653588272785214,0.000666330070944,0.5,0.335,0.5,0.0
Tabular data," recommend relevant items (e.g., products, movies, music) to users based on their preferences and behaviors.",Recommender systems,ParlAI,PyTorch,8.9,0.1205962059620596,429.0,0.0042695063694267,Open source ,MIT,1046,1.0,8-16 GB,12.0,0.2,GPU,0.67,1.0,No,Facebook,1.0,https://github.com/facebookresearch/ParlAI.git,Unknown,0,0.4100631052250013,0.4,0.0740655261250064,0.5,0.335,0.5,1.0
Tabular data," recommend relevant items (e.g., products, movies, music) to users based on their preferences and behaviors.",Recommender systems,PaddleRec,Paddle,3.2,0.043360433604336,267.0,0.0026572452229299,N.a,Apache-2.0 license,184.416,0.1763059273422562,8-16 GB,12.0,0.2,GPU,0.67,1.0,Yes,PaddlePaddle,1.0,https://github.com/PaddlePaddle/PaddleRec.git,https://arxiv.org/abs/1906.00091,1,0.5242199425490163,0.8118470363288719,0.0270791582517735,0.5,0.335,0.5,1.0
Tabular data," recommend relevant items (e.g., products, movies, music) to users based on their preferences and behaviors.",Recommender systems,FuxiCTR,PyTorch,0.3,0.0040650406504065,87.0,0.0008658439490445,Open source,Apache-2.0 license,0.733,0.0007007648183556,8-16 GB,12.0,0.2,GPU,0.67,1.0,Yes,Xue-p ai,0.0,https://github.com/xue-pai/FuxiCTR.git,https://dl.acm.org/doi/abs/10.1145/3308558.3313497?casa_token=IeLcnqo6AjYAAAAA:ySsAzSyKCx_pm5lm9ORuTmhGZNd221kkTXZg431qcixPQXqrKoAdHJQPuyEAJ0A236LEZcmbW1QtMQ,1,0.445701957671219,0.8996496175908222,0.0027853619698616,0.5,0.335,0.5,0.0
,,Time Series Forecasting,ibm-granite/granite-timeseries-ttm-r1,,,,0.0,,,Unknown,,,,,,,,,,,,https://huggingface.co/ibm-granite/granite-timeseries-ttm-r1,Unknown,0,,,,0.5,,0.5,
Tabular data,predict future values based on historical patterns.,Time Series Forecasting,Temporal Fusion Transformer (TFT),Tensorflow,23.6,0.3197831978319783,107.0,0.0010648885350318,Open source,Apache-2.0 license,345.126,0.3299483747609942,16-32 GB,24.0,0.4666666666666667,GPU/TPU,1.0,1.0,Yes,N.a,0.0,https://github.com/sktime/pytorch-forecasting,https://arxiv.org/abs/1912.09363,1,0.4189669186084908,0.6016924792861695,0.1922958741131996,0.5,0.5,0.5,0.0
Tabular data,predict future values based on historical patterns.,Time Series Forecasting,LSTNet,PyTorch,0.5,0.0067750677506775,628.0,0.00625,Open source,MIT license,0.012,,8-16 GB,12.0,,GPU,0.67,1.0,No,N.a,0.0,https://github.com/laiguokun/LSTNet.git,https://dl.acm.org/doi/abs/10.1145/3209978.3210006,0,,,0.0065650406504065,0.5,0.335,0.5,0.0
Tabular data,predict future values based on historical patterns.,Time Series Forecasting,darts,PyTorch,4.3,0.0582655826558265,12.0,0.0001194267515923,Open source,Apache-2.0 license,102.753,0.0982342256214149,4-8 GB,6.0,0.0666666666666666,GPU,0.67,1.0,Yes,N.a,0.0,https://github.com/unit8co/darts.git,https://www.jmlr.org/papers/volume23/21-1177/21-1177.pdf,1,0.4575162902156143,0.9175495538559592,0.0350071202941328,0.5,0.335,0.5,0.0
Tabular data,predict future values based on historical patterns.,Time Series Forecasting,gluon-ts,mxnet,2.8,0.037940379403794,207.0,0.0020601114649681,Open source,Apache-2.0 license,11.638,0.0111261950286806,8-16 GB,12.0,0.2,GPU,0.67,1.0,Yes,awslab,1.0,https://github.com/awslabs/gluon-ts.git,https://www.sciencedirect.com/science/article/pii/S0169207021000637,1,0.5482987251913507,0.8944369024856598,0.0235882722282636,0.5,0.335,0.5,1.0
Tabular data,predict future values based on historical patterns.,Time Series Forecasting,qlib,PyTorch,8.8,0.1192411924119241,12.0,0.0001194267515923,Open source,MIT license,16.068,0.0153613766730401,16-32 GB,24.0,0.4666666666666667,GPU,0.67,1.0,Yes,Microsoft ,1.0,https://github.com/microsoft/qlib.git,https://dl.acm.org/doi/abs/10.1145/3459637.3482315?casa_token=iOmNJfagh8MAAAAA:2fIYJLt4krmbGseVpRYNmAwSqnYOqkn4-UOnasGpSJ47s3t7p5gakMRT38e_DE0t2A-JUQIOLWtlzA,1,0.5172642907286022,0.7589859783301467,0.0715924861477913,0.5,0.335,0.5,1.0
Tabular data,predict future values based on historical patterns.,Time Series Forecasting,DCRNN,Tensorflow,0.9,0.0121951219512195,1378.0,0.0137141719745222,Open source,MIT license,131.01,0.1252485659655831,8-16 GB,12.0,0.2,GPU,0.67,1.0,Yes,liyaguang,0.0,https://github.com/liyaguang/DCRNN.git,https://arxiv.org/abs/1707.01926,1,0.4290232634972706,0.8373757170172085,0.0128027419605405,0.5,0.335,0.5,0.0
,,Time Series Forecasting,n-beats,,,,0.0,,,Unknown,,,,,,,,,,,,https://github.com/philipperemy/n-beats,Unknown,0,,,,0.5,,0.5,
Tabular data,predict future values based on historical patterns.,Time Series Forecasting,pytorch_geometric_temporal,PyTorch,1.6,0.021680216802168,150.0,0.0014928343949044,Open source,MIT license,13.758,0.0131529636711281,8-16 GB,12.0,0.2,GPU,0.67,1.0,Yes,Benedekrozemberczki,0.0,https://github.com/benedekrozemberczki/pytorch_geometric_temporal.git,https://proceedings.neurips.cc/paper/2020/hash/ce1aad92b939420fc17005e5461e6f48-Abstract.html,1,0.4459981082171833,0.893423518164436,0.0136052638392625,0.5,0.335,0.5,0.0
Tabular data,provide answers to questions based on the input data.,Table Question Answering ,tapas-base-finetuned-wtq,,,,0.0,,,Unknown,,,,,,,,,,google,,https://huggingface.co/google/tapas-base-finetuned-wtq,Unknown,0,,,,0.5,,0.5,
Tabular data,provide answers to questions based on the input data.,Table Question Answering ,tapas-large-finetuned-wtq,,,,0.0,,,Unknown,,,,,,,,,,google,,https://huggingface.co/google/tapas-large-finetuned-wtq,Unknown,0,,,,0.5,,0.5,
Tabular data,provide answers to questions based on the input data.,Table Question Answering ,tapex-large-finetuned-wtq,,,,0.0,,,Unknown,,,,,,,,,,microsoft,,https://huggingface.co/microsoft/tapex-large-finetuned-wtq,Unknown,0,,,,0.5,,0.5,
Tabular data,predict/recommend future values based on historical patterns.,Recommender systems,Efficient Estimation of Word Representations in Vector Space,Tensorflow,0.0,0.0,0.0,0.0,Open source,N.a,N.a,,4-8 GB,6.0,0.0666666666666666,GPU,0.67,1.0,Yes,N.a,0.0,N.a,N.a,1,,,0.0,0.5,0.335,0.5,0.0
Text,perform sentence classification based on papers,Sentence Classification ,Convolutional Neural Networks for Sentence Classification,PyTorch,0.054,0.0007317073170731,490.0,0.0048765923566878,Open source,GPL-3.0,127,0.121414913957935,4-8 GB,6.0,0.0666666666666666,GPU,0.67,1.0,Yes,N.a,0.0,https://github.com/davidsbatista/ConvNets-for-Sentence-Classification/tree/master,https://aclanthology.org/D14-1181.pdf,1,0.4475156951728935,0.9059592096876992,0.0023896613329189,0.5,0.335,0.5,0.0
Tabular data,predict future values based on historical patterns.,Forecast (time series forcast),DeepCTR,Tensorflow,7.4,0.1002710027100271,42.0,0.0004179936305732,,Apache-2.0 license,7.462,0.007133843212237,8-16 GB,12.0,0.2,GPU,0.67,1.0,Yes,N.a,0.0,https://github.com/shenweichen/DeepCTR.git,https://arxiv.org/abs/1804.04950,1,0.4562458833338136,0.8964330783938815,0.0603297990782455,0.5,0.335,0.5,0.0
Tabular data,,Tabular Classification,TabNet,,,,0.0,,,Unknown,,,,,,,,,,,,https://github.com/dreamquark-ai/tabnet,Unknown,0,,,,0.5,,0.5,
Tabular data,,Tabular Classification,XGBoost,,,,0.0,,,Unknown,,,,,,,,,,,,https://github.com/dmlc/xgboost,Unknown,0,,,,0.5,,0.5,
Tabular data,,Tabular Classification,CatBoost,,,,0.0,,,Unknown,,,,,,,,,,,,https://github.com/catboost/catboost,Unknown,0,,,,0.5,,0.5,
Tabular data,,Tabular Regression,XGBoost,,,,0.0,,,Unknown,,,,,,,,,,,,https://github.com/dmlc/xgboost,Unknown,0,,,,0.5,,0.5,
Tabular data,,Tabular Regression,LightGBM,,,,0.0,,,Unknown,,,,,,,,,,,,https://github.com/microsoft/LightGBM,Unknown,0,,,,0.5,,0.5,
Tabular data,,Tabular Regression,TabNet,,,,0.0,,,Unknown,,,,,,,,,,,,https://github.com/dreamquark-ai/tabnet,Unknown,0,,,,0.5,,0.5,
Tabular data,,Tabular to Text,facebook/bart-large-cnn,,,,0.0,,,Unknown,,,,,,,,,,,,https://huggingface.co/facebook/bart-large-cnn,Unknown,0,,,,0.5,,0.5,
Tabular data,,Tabular to Text,google-t5/t5-base,,,,0.0,,,Unknown,,,,,,,,,,,,https://huggingface.co/google-t5/t5-base,Unknown,0,,,,0.5,,0.5,
Tabular data,,Table to Text,Narrativaai/bloom-560m-finetuned-totto-table-to-text,,,,0.0,,,Unknown,,,,,,,,,,,,https://huggingface.co/Narrativaai/bloom-560m-finetuned-totto-table-to-text,Unknown,0,,,,0.5,,0.5,
Tabular data,,Table to Text,Yale-LILY/reastap-large-finetuned-logicnlg,,,,0.0,,,Unknown,,,,,,,,,,,,https://huggingface.co/Yale-LILY/reastap-large-finetuned-logicnlg,Unknown,0,,,,0.5,,0.5,
Tabular data,,Tabular to Text,Multimodal Toolkit,,,,0.0,,,Unknown,,,,,,,,,,,,https://github.com/georgian-io/Multimodal-Toolkit,Unknown,0,,,,0.5,,0.5,
Tabular data,,Reinforcement Learning,ValueFX9507/Tifa-DeepsexV2-7b-MGRPO-GGUF-Q8,,,,0.0,,,Unknown,,,,,,,,,,,,https://huggingface.co/ValueFX9507/Tifa-DeepsexV2-7b-MGRPO-GGUF-Q8,Unknown,0,,,,0.5,,0.5,
Tabular data,,Reinforcement Learning,Open-Reasoner-Zero/Open-Reasoner-Zero-Critic-32B,,,,0.0,,,Unknown,,,,,,,,,,,,https://huggingface.co/Open-Reasoner-Zero/Open-Reasoner-Zero-Critic-32B,Unknown,0,,,,0.5,,0.5,
Tabular data,,Reinforcement Learning,ThomasSimonini/ppo-AntBulletEnv-v0,,,,0.0,,,Unknown,,,,,,,,,,,,https://huggingface.co/ThomasSimonini/ppo-AntBulletEnv-v0,Unknown,0,,,,0.5,,0.5,
Tabular data,,Robotics,lerobot/pi0,,,,0.0,,,Unknown,,,,,,,,,,,,https://huggingface.co/lerobot/pi0,Unknown,0,,,,0.5,,0.5,
Tabular data,,Robotics,nvidia/GR00T-N1-2B,,,,0.0,,,Unknown,,,,,,,,,,,,https://huggingface.co/nvidia/GR00T-N1-2B,Unknown,0,,,,0.5,,0.5,
Tabular data,,Robotics,physical-intelligence/fast,,,,0.0,,,Unknown,,,,,,,,,,,,https://huggingface.co/physical-intelligence/fast,Unknown,0,,,,0.5,,0.5,
Tabular data,,Graph Machine Learning,ecmwf/aifs-single-1.0,,,,0.0,,,Unknown,,,,,,,,,,,,https://huggingface.co/ecmwf/aifs-single-1.0,Unknown,0,,,,0.5,,0.5,
Tabular data,,Graph Machine Learning,ibm-research/materials.pos-egnn,,,,0.0,,,Unknown,,,,,,,,,,,,https://huggingface.co/ibm-research/materials.pos-egnn,Unknown,0,,,,0.5,,0.5,
Tabular data,,Graph Machine Learning,clefourrier/graphormer-base-pcqm4mv2,,,,0.0,,,Unknown,,,,,,,,,,,,https://huggingface.co/clefourrier/graphormer-base-pcqm4mv2,Unknown,0,,,,0.5,,0.5,
Tabular data,,Token Classification,bztest/xlm-roberta-base-finetuned-panx-de,,,,0.0,,,Unknown,,,,,,,,,,,,https://huggingface.co/bztest/xlm-roberta-base-finetuned-panx-de,Unknown,0,,,,0.5,,0.5,
Tabular data,,Token Classification,FacebookAI/xlm-roberta-large-finetuned-conll03-english,,,,0.0,,,Unknown,,,,,,,,,,,,https://huggingface.co/FacebookAI/xlm-roberta-large-finetuned-conll03-english,Unknown,0,,,,0.5,,0.5,
Tabular data,,Token Classification,dslim/bert-base-NER,,,,0.0,,,Unknown,,,,,,,,,,,,https://huggingface.co/dslim/bert-base-NER,Unknown,0,,,,0.5,,0.5,
Tabular data,,Zero-shot classification,facebook/bart-large-mnli,,,,0.0,,,Unknown,,,,,,,,,,,,https://huggingface.co/facebook/bart-large-mnli,Unknown,0,,,,0.5,,0.5,
Tabular data,,Zero-shot classification,MoritzLaurer/mDeBERTa-v3-base-mnli-xnli,,,,0.0,,,Unknown,,,,,,,,,,,,https://huggingface.co/MoritzLaurer/mDeBERTa-v3-base-mnli-xnli ,Unknown,0,,,,0.5,,0.5,
Tabular data,,Zero-shot classification,joeddav/bart-large-mnli-yahoo-answers,,,,0.0,,,Unknown,,,,,,,,,,,,https://huggingface.co/joeddav/bart-large-mnli-yahoo-answers,Unknown,0,,,,0.5,,0.5,
